ReceiptDate;Qty;Month;Year;WeekDay;LastQty;Interval;PeriodsSepLastTwoNnZeroDemands;ZNZDemand
2018-04-11;1;4;2018;2;;;;1
2018-04-12;0;4;2018;3;1.0;1.0;;0
2018-04-13;0;4;2018;4;1.0;2.0;;0
2018-04-14;0;4;2018;5;1.0;3.0;;0
2018-04-15;0;4;2018;6;1.0;4.0;;0
2018-04-16;0;4;2018;0;1.0;5.0;;0
2018-04-17;0;4;2018;1;1.0;6.0;;0
2018-04-18;0;4;2018;2;1.0;7.0;;0
2018-04-19;0;4;2018;3;1.0;8.0;;0
2018-04-20;2;4;2018;4;1.0;9.0;;1
2018-04-21;0;4;2018;5;2.0;1.0;9.0;0
2018-04-22;0;4;2018;6;2.0;2.0;9.0;0
2018-04-23;0;4;2018;0;2.0;3.0;9.0;0
2018-04-24;0;4;2018;1;2.0;4.0;9.0;0
2018-04-25;0;4;2018;2;2.0;5.0;9.0;0
2018-04-26;0;4;2018;3;2.0;6.0;9.0;0
2018-04-27;0;4;2018;4;2.0;7.0;9.0;0
2018-04-28;0;4;2018;5;2.0;8.0;9.0;0
2018-04-29;0;4;2018;6;2.0;9.0;9.0;0
2018-04-30;0;4;2018;0;2.0;10.0;9.0;0
2018-05-01;0;5;2018;1;2.0;11.0;9.0;0
2018-05-02;0;5;2018;2;2.0;12.0;9.0;0
2018-05-03;0;5;2018;3;2.0;13.0;9.0;0
2018-05-04;0;5;2018;4;2.0;14.0;9.0;0
2018-05-05;0;5;2018;5;2.0;15.0;9.0;0
2018-05-06;0;5;2018;6;2.0;16.0;9.0;0
2018-05-07;0;5;2018;0;2.0;17.0;9.0;0
2018-05-08;0;5;2018;1;2.0;18.0;9.0;0
2018-05-09;0;5;2018;2;2.0;19.0;9.0;0
2018-05-10;0;5;2018;3;2.0;20.0;9.0;0
2018-05-11;0;5;2018;4;2.0;21.0;9.0;0
2018-05-12;0;5;2018;5;2.0;22.0;9.0;0
2018-05-13;0;5;2018;6;2.0;23.0;9.0;0
2018-05-14;0;5;2018;0;2.0;24.0;9.0;0
2018-05-15;0;5;2018;1;2.0;25.0;9.0;0
2018-05-16;0;5;2018;2;2.0;26.0;9.0;0
2018-05-17;0;5;2018;3;2.0;27.0;9.0;0
2018-05-18;0;5;2018;4;2.0;28.0;9.0;0
2018-05-19;0;5;2018;5;2.0;29.0;9.0;0
2018-05-20;0;5;2018;6;2.0;30.0;9.0;0
2018-05-21;0;5;2018;0;2.0;31.0;9.0;0
2018-05-22;0;5;2018;1;2.0;32.0;9.0;0
2018-05-23;0;5;2018;2;2.0;33.0;9.0;0
2018-05-24;0;5;2018;3;2.0;34.0;9.0;0
2018-05-25;0;5;2018;4;2.0;35.0;9.0;0
2018-05-26;0;5;2018;5;2.0;36.0;9.0;0
2018-05-27;0;5;2018;6;2.0;37.0;9.0;0
2018-05-28;0;5;2018;0;2.0;38.0;9.0;0
2018-05-29;4;5;2018;1;2.0;39.0;9.0;1
2018-05-30;0;5;2018;2;4.0;1.0;39.0;0
2018-05-31;0;5;2018;3;4.0;2.0;39.0;0
2018-06-01;0;6;2018;4;4.0;3.0;39.0;0
2018-06-02;0;6;2018;5;4.0;4.0;39.0;0
2018-06-03;0;6;2018;6;4.0;5.0;39.0;0
2018-06-04;0;6;2018;0;4.0;6.0;39.0;0
2018-06-05;0;6;2018;1;4.0;7.0;39.0;0
2018-06-06;0;6;2018;2;4.0;8.0;39.0;0
2018-06-07;0;6;2018;3;4.0;9.0;39.0;0
2018-06-08;0;6;2018;4;4.0;10.0;39.0;0
2018-06-09;0;6;2018;5;4.0;11.0;39.0;0
2018-06-10;0;6;2018;6;4.0;12.0;39.0;0
2018-06-11;0;6;2018;0;4.0;13.0;39.0;0
2018-06-12;0;6;2018;1;4.0;14.0;39.0;0
2018-06-13;0;6;2018;2;4.0;15.0;39.0;0
2018-06-14;0;6;2018;3;4.0;16.0;39.0;0
2018-06-15;0;6;2018;4;4.0;17.0;39.0;0
2018-06-16;0;6;2018;5;4.0;18.0;39.0;0
2018-06-17;0;6;2018;6;4.0;19.0;39.0;0
2018-06-18;0;6;2018;0;4.0;20.0;39.0;0
2018-06-19;0;6;2018;1;4.0;21.0;39.0;0
2018-06-20;3;6;2018;2;4.0;22.0;39.0;1
2018-06-21;0;6;2018;3;3.0;1.0;22.0;0
2018-06-22;0;6;2018;4;3.0;2.0;22.0;0
2018-06-23;0;6;2018;5;3.0;3.0;22.0;0
2018-06-24;0;6;2018;6;3.0;4.0;22.0;0
2018-06-25;0;6;2018;0;3.0;5.0;22.0;0
2018-06-26;0;6;2018;1;3.0;6.0;22.0;0
2018-06-27;0;6;2018;2;3.0;7.0;22.0;0
2018-06-28;0;6;2018;3;3.0;8.0;22.0;0
2018-06-29;0;6;2018;4;3.0;9.0;22.0;0
2018-06-30;0;6;2018;5;3.0;10.0;22.0;0
2018-07-01;0;7;2018;6;3.0;11.0;22.0;0
2018-07-02;0;7;2018;0;3.0;12.0;22.0;0
2018-07-03;0;7;2018;1;3.0;13.0;22.0;0
2018-07-04;0;7;2018;2;3.0;14.0;22.0;0
2018-07-05;0;7;2018;3;3.0;15.0;22.0;0
2018-07-06;0;7;2018;4;3.0;16.0;22.0;0
2018-07-07;0;7;2018;5;3.0;17.0;22.0;0
2018-07-08;0;7;2018;6;3.0;18.0;22.0;0
2018-07-09;0;7;2018;0;3.0;19.0;22.0;0
2018-07-10;0;7;2018;1;3.0;20.0;22.0;0
2018-07-11;0;7;2018;2;3.0;21.0;22.0;0
2018-07-12;0;7;2018;3;3.0;22.0;22.0;0
2018-07-13;0;7;2018;4;3.0;23.0;22.0;0
2018-07-14;0;7;2018;5;3.0;24.0;22.0;0
2018-07-15;0;7;2018;6;3.0;25.0;22.0;0
2018-07-16;0;7;2018;0;3.0;26.0;22.0;0
2018-07-17;0;7;2018;1;3.0;27.0;22.0;0
2018-07-18;0;7;2018;2;3.0;28.0;22.0;0
2018-07-19;0;7;2018;3;3.0;29.0;22.0;0
2018-07-20;0;7;2018;4;3.0;30.0;22.0;0
2018-07-21;0;7;2018;5;3.0;31.0;22.0;0
2018-07-22;0;7;2018;6;3.0;32.0;22.0;0
2018-07-23;0;7;2018;0;3.0;33.0;22.0;0
2018-07-24;0;7;2018;1;3.0;34.0;22.0;0
2018-07-25;2;7;2018;2;3.0;35.0;22.0;1
2018-07-26;0;7;2018;3;2.0;1.0;35.0;0
2018-07-27;0;7;2018;4;2.0;2.0;35.0;0
2018-07-28;0;7;2018;5;2.0;3.0;35.0;0
2018-07-29;0;7;2018;6;2.0;4.0;35.0;0
2018-07-30;0;7;2018;0;2.0;5.0;35.0;0
2018-07-31;0;7;2018;1;2.0;6.0;35.0;0
2018-08-01;0;8;2018;2;2.0;7.0;35.0;0
2018-08-02;0;8;2018;3;2.0;8.0;35.0;0
2018-08-03;0;8;2018;4;2.0;9.0;35.0;0
2018-08-04;0;8;2018;5;2.0;10.0;35.0;0
2018-08-05;0;8;2018;6;2.0;11.0;35.0;0
2018-08-06;0;8;2018;0;2.0;12.0;35.0;0
2018-08-07;0;8;2018;1;2.0;13.0;35.0;0
2018-08-08;0;8;2018;2;2.0;14.0;35.0;0
2018-08-09;0;8;2018;3;2.0;15.0;35.0;0
2018-08-10;0;8;2018;4;2.0;16.0;35.0;0
2018-08-11;0;8;2018;5;2.0;17.0;35.0;0
2018-08-12;0;8;2018;6;2.0;18.0;35.0;0
2018-08-13;0;8;2018;0;2.0;19.0;35.0;0
2018-08-14;0;8;2018;1;2.0;20.0;35.0;0
2018-08-15;0;8;2018;2;2.0;21.0;35.0;0
2018-08-16;0;8;2018;3;2.0;22.0;35.0;0
2018-08-17;0;8;2018;4;2.0;23.0;35.0;0
2018-08-18;0;8;2018;5;2.0;24.0;35.0;0
2018-08-19;0;8;2018;6;2.0;25.0;35.0;0
2018-08-20;0;8;2018;0;2.0;26.0;35.0;0
2018-08-21;0;8;2018;1;2.0;27.0;35.0;0
2018-08-22;0;8;2018;2;2.0;28.0;35.0;0
2018-08-23;0;8;2018;3;2.0;29.0;35.0;0
2018-08-24;0;8;2018;4;2.0;30.0;35.0;0
2018-08-25;0;8;2018;5;2.0;31.0;35.0;0
2018-08-26;0;8;2018;6;2.0;32.0;35.0;0
2018-08-27;0;8;2018;0;2.0;33.0;35.0;0
2018-08-28;0;8;2018;1;2.0;34.0;35.0;0
2018-08-29;0;8;2018;2;2.0;35.0;35.0;0
2018-08-30;0;8;2018;3;2.0;36.0;35.0;0
2018-08-31;0;8;2018;4;2.0;37.0;35.0;0
2018-09-01;0;9;2018;5;2.0;38.0;35.0;0
2018-09-02;0;9;2018;6;2.0;39.0;35.0;0
2018-09-03;0;9;2018;0;2.0;40.0;35.0;0
2018-09-04;2;9;2018;1;2.0;41.0;35.0;1
2018-09-05;0;9;2018;2;2.0;1.0;41.0;0
2018-09-06;0;9;2018;3;2.0;2.0;41.0;0
2018-09-07;0;9;2018;4;2.0;3.0;41.0;0
2018-09-08;0;9;2018;5;2.0;4.0;41.0;0
2018-09-09;0;9;2018;6;2.0;5.0;41.0;0
2018-09-10;0;9;2018;0;2.0;6.0;41.0;0
2018-09-11;0;9;2018;1;2.0;7.0;41.0;0
2018-09-12;0;9;2018;2;2.0;8.0;41.0;0
2018-09-13;0;9;2018;3;2.0;9.0;41.0;0
2018-09-14;0;9;2018;4;2.0;10.0;41.0;0
2018-09-15;0;9;2018;5;2.0;11.0;41.0;0
2018-09-16;0;9;2018;6;2.0;12.0;41.0;0
2018-09-17;3;9;2018;0;2.0;13.0;41.0;1
2018-09-18;0;9;2018;1;3.0;1.0;13.0;0
2018-09-19;0;9;2018;2;3.0;2.0;13.0;0
2018-09-20;0;9;2018;3;3.0;3.0;13.0;0
2018-09-21;0;9;2018;4;3.0;4.0;13.0;0
2018-09-22;0;9;2018;5;3.0;5.0;13.0;0
2018-09-23;0;9;2018;6;3.0;6.0;13.0;0
2018-09-24;0;9;2018;0;3.0;7.0;13.0;0
2018-09-25;0;9;2018;1;3.0;8.0;13.0;0
2018-09-26;0;9;2018;2;3.0;9.0;13.0;0
2018-09-27;0;9;2018;3;3.0;10.0;13.0;0
2018-09-28;0;9;2018;4;3.0;11.0;13.0;0
2018-09-29;0;9;2018;5;3.0;12.0;13.0;0
2018-09-30;0;9;2018;6;3.0;13.0;13.0;0
2018-10-01;0;10;2018;0;3.0;14.0;13.0;0
2018-10-02;0;10;2018;1;3.0;15.0;13.0;0
2018-10-03;0;10;2018;2;3.0;16.0;13.0;0
2018-10-04;0;10;2018;3;3.0;17.0;13.0;0
2018-10-05;0;10;2018;4;3.0;18.0;13.0;0
2018-10-06;0;10;2018;5;3.0;19.0;13.0;0
2018-10-07;0;10;2018;6;3.0;20.0;13.0;0
2018-10-08;0;10;2018;0;3.0;21.0;13.0;0
2018-10-09;0;10;2018;1;3.0;22.0;13.0;0
2018-10-10;0;10;2018;2;3.0;23.0;13.0;0
2018-10-11;0;10;2018;3;3.0;24.0;13.0;0
2018-10-12;2;10;2018;4;3.0;25.0;13.0;1
2018-10-13;0;10;2018;5;2.0;1.0;25.0;0
2018-10-14;0;10;2018;6;2.0;2.0;25.0;0
2018-10-15;0;10;2018;0;2.0;3.0;25.0;0
2018-10-16;0;10;2018;1;2.0;4.0;25.0;0
2018-10-17;0;10;2018;2;2.0;5.0;25.0;0
2018-10-18;0;10;2018;3;2.0;6.0;25.0;0
2018-10-19;0;10;2018;4;2.0;7.0;25.0;0
2018-10-20;0;10;2018;5;2.0;8.0;25.0;0
2018-10-21;0;10;2018;6;2.0;9.0;25.0;0
2018-10-22;0;10;2018;0;2.0;10.0;25.0;0
2018-10-23;0;10;2018;1;2.0;11.0;25.0;0
2018-10-24;0;10;2018;2;2.0;12.0;25.0;0
2018-10-25;0;10;2018;3;2.0;13.0;25.0;0
2018-10-26;0;10;2018;4;2.0;14.0;25.0;0
2018-10-27;0;10;2018;5;2.0;15.0;25.0;0
2018-10-28;0;10;2018;6;2.0;16.0;25.0;0
2018-10-29;0;10;2018;0;2.0;17.0;25.0;0
2018-10-30;0;10;2018;1;2.0;18.0;25.0;0
2018-10-31;0;10;2018;2;2.0;19.0;25.0;0
2018-11-01;0;11;2018;3;2.0;20.0;25.0;0
2018-11-02;0;11;2018;4;2.0;21.0;25.0;0
2018-11-03;0;11;2018;5;2.0;22.0;25.0;0
2018-11-04;0;11;2018;6;2.0;23.0;25.0;0
2018-11-05;0;11;2018;0;2.0;24.0;25.0;0
2018-11-06;0;11;2018;1;2.0;25.0;25.0;0
2018-11-07;0;11;2018;2;2.0;26.0;25.0;0
2018-11-08;0;11;2018;3;2.0;27.0;25.0;0
2018-11-09;0;11;2018;4;2.0;28.0;25.0;0
2018-11-10;0;11;2018;5;2.0;29.0;25.0;0
2018-11-11;0;11;2018;6;2.0;30.0;25.0;0
2018-11-12;0;11;2018;0;2.0;31.0;25.0;0
2018-11-13;0;11;2018;1;2.0;32.0;25.0;0
2018-11-14;5;11;2018;2;2.0;33.0;25.0;1
2018-11-15;0;11;2018;3;5.0;1.0;33.0;0
2018-11-16;0;11;2018;4;5.0;2.0;33.0;0
2018-11-17;0;11;2018;5;5.0;3.0;33.0;0
2018-11-18;0;11;2018;6;5.0;4.0;33.0;0
2018-11-19;0;11;2018;0;5.0;5.0;33.0;0
2018-11-20;0;11;2018;1;5.0;6.0;33.0;0
2018-11-21;0;11;2018;2;5.0;7.0;33.0;0
2018-11-22;0;11;2018;3;5.0;8.0;33.0;0
2018-11-23;0;11;2018;4;5.0;9.0;33.0;0
2018-11-24;0;11;2018;5;5.0;10.0;33.0;0
2018-11-25;0;11;2018;6;5.0;11.0;33.0;0
2018-11-26;0;11;2018;0;5.0;12.0;33.0;0
2018-11-27;0;11;2018;1;5.0;13.0;33.0;0
2018-11-28;0;11;2018;2;5.0;14.0;33.0;0
2018-11-29;0;11;2018;3;5.0;15.0;33.0;0
2018-11-30;0;11;2018;4;5.0;16.0;33.0;0
2018-12-01;0;12;2018;5;5.0;17.0;33.0;0
2018-12-02;0;12;2018;6;5.0;18.0;33.0;0
2018-12-03;0;12;2018;0;5.0;19.0;33.0;0
2018-12-04;0;12;2018;1;5.0;20.0;33.0;0
2018-12-05;0;12;2018;2;5.0;21.0;33.0;0
2018-12-06;0;12;2018;3;5.0;22.0;33.0;0
2018-12-07;0;12;2018;4;5.0;23.0;33.0;0
2018-12-08;0;12;2018;5;5.0;24.0;33.0;0
2018-12-09;0;12;2018;6;5.0;25.0;33.0;0
2018-12-10;0;12;2018;0;5.0;26.0;33.0;0
2018-12-11;0;12;2018;1;5.0;27.0;33.0;0
2018-12-12;0;12;2018;2;5.0;28.0;33.0;0
2018-12-13;0;12;2018;3;5.0;29.0;33.0;0
2018-12-14;3;12;2018;4;5.0;30.0;33.0;1
2018-12-15;0;12;2018;5;3.0;1.0;30.0;0
2018-12-16;0;12;2018;6;3.0;2.0;30.0;0
2018-12-17;0;12;2018;0;3.0;3.0;30.0;0
2018-12-18;0;12;2018;1;3.0;4.0;30.0;0
2018-12-19;0;12;2018;2;3.0;5.0;30.0;0
2018-12-20;0;12;2018;3;3.0;6.0;30.0;0
2018-12-21;0;12;2018;4;3.0;7.0;30.0;0
2018-12-22;0;12;2018;5;3.0;8.0;30.0;0
2018-12-23;0;12;2018;6;3.0;9.0;30.0;0
2018-12-24;0;12;2018;0;3.0;10.0;30.0;0
2018-12-25;0;12;2018;1;3.0;11.0;30.0;0
2018-12-26;0;12;2018;2;3.0;12.0;30.0;0
2018-12-27;0;12;2018;3;3.0;13.0;30.0;0
2018-12-28;0;12;2018;4;3.0;14.0;30.0;0
2018-12-29;0;12;2018;5;3.0;15.0;30.0;0
2018-12-30;0;12;2018;6;3.0;16.0;30.0;0
2018-12-31;0;12;2018;0;3.0;17.0;30.0;0
2019-01-01;0;1;2019;1;3.0;18.0;30.0;0
2019-01-02;0;1;2019;2;3.0;19.0;30.0;0
2019-01-03;0;1;2019;3;3.0;20.0;30.0;0
2019-01-04;0;1;2019;4;3.0;21.0;30.0;0
2019-01-05;0;1;2019;5;3.0;22.0;30.0;0
2019-01-06;0;1;2019;6;3.0;23.0;30.0;0
2019-01-07;0;1;2019;0;3.0;24.0;30.0;0
2019-01-08;3;1;2019;1;3.0;25.0;30.0;1
2019-01-09;0;1;2019;2;3.0;1.0;25.0;0
2019-01-10;0;1;2019;3;3.0;2.0;25.0;0
2019-01-11;0;1;2019;4;3.0;3.0;25.0;0
2019-01-12;0;1;2019;5;3.0;4.0;25.0;0
2019-01-13;0;1;2019;6;3.0;5.0;25.0;0
2019-01-14;0;1;2019;0;3.0;6.0;25.0;0
2019-01-15;0;1;2019;1;3.0;7.0;25.0;0
2019-01-16;0;1;2019;2;3.0;8.0;25.0;0
2019-01-17;0;1;2019;3;3.0;9.0;25.0;0
2019-01-18;0;1;2019;4;3.0;10.0;25.0;0
2019-01-19;0;1;2019;5;3.0;11.0;25.0;0
2019-01-20;0;1;2019;6;3.0;12.0;25.0;0
2019-01-21;0;1;2019;0;3.0;13.0;25.0;0
2019-01-22;0;1;2019;1;3.0;14.0;25.0;0
2019-01-23;0;1;2019;2;3.0;15.0;25.0;0
2019-01-24;0;1;2019;3;3.0;16.0;25.0;0
2019-01-25;0;1;2019;4;3.0;17.0;25.0;0
2019-01-26;0;1;2019;5;3.0;18.0;25.0;0
2019-01-27;0;1;2019;6;3.0;19.0;25.0;0
2019-01-28;0;1;2019;0;3.0;20.0;25.0;0
2019-01-29;0;1;2019;1;3.0;21.0;25.0;0
2019-01-30;0;1;2019;2;3.0;22.0;25.0;0
2019-01-31;0;1;2019;3;3.0;23.0;25.0;0
2019-02-01;0;2;2019;4;3.0;24.0;25.0;0
2019-02-02;0;2;2019;5;3.0;25.0;25.0;0
2019-02-03;0;2;2019;6;3.0;26.0;25.0;0
2019-02-04;0;2;2019;0;3.0;27.0;25.0;0
2019-02-05;0;2;2019;1;3.0;28.0;25.0;0
2019-02-06;0;2;2019;2;3.0;29.0;25.0;0
2019-02-07;0;2;2019;3;3.0;30.0;25.0;0
2019-02-08;0;2;2019;4;3.0;31.0;25.0;0
2019-02-09;0;2;2019;5;3.0;32.0;25.0;0
2019-02-10;0;2;2019;6;3.0;33.0;25.0;0
2019-02-11;0;2;2019;0;3.0;34.0;25.0;0
2019-02-12;0;2;2019;1;3.0;35.0;25.0;0
2019-02-13;0;2;2019;2;3.0;36.0;25.0;0
2019-02-14;0;2;2019;3;3.0;37.0;25.0;0
2019-02-15;0;2;2019;4;3.0;38.0;25.0;0
2019-02-16;0;2;2019;5;3.0;39.0;25.0;0
2019-02-17;0;2;2019;6;3.0;40.0;25.0;0
2019-02-18;0;2;2019;0;3.0;41.0;25.0;0
2019-02-19;0;2;2019;1;3.0;42.0;25.0;0
2019-02-20;0;2;2019;2;3.0;43.0;25.0;0
2019-02-21;0;2;2019;3;3.0;44.0;25.0;0
2019-02-22;0;2;2019;4;3.0;45.0;25.0;0
2019-02-23;0;2;2019;5;3.0;46.0;25.0;0
2019-02-24;0;2;2019;6;3.0;47.0;25.0;0
2019-02-25;0;2;2019;0;3.0;48.0;25.0;0
2019-02-26;0;2;2019;1;3.0;49.0;25.0;0
2019-02-27;0;2;2019;2;3.0;50.0;25.0;0
2019-02-28;0;2;2019;3;3.0;51.0;25.0;0
2019-03-01;0;3;2019;4;3.0;52.0;25.0;0
2019-03-02;0;3;2019;5;3.0;53.0;25.0;0
2019-03-03;0;3;2019;6;3.0;54.0;25.0;0
2019-03-04;0;3;2019;0;3.0;55.0;25.0;0
2019-03-05;0;3;2019;1;3.0;56.0;25.0;0
2019-03-06;0;3;2019;2;3.0;57.0;25.0;0
2019-03-07;0;3;2019;3;3.0;58.0;25.0;0
2019-03-08;0;3;2019;4;3.0;59.0;25.0;0
2019-03-09;0;3;2019;5;3.0;60.0;25.0;0
2019-03-10;0;3;2019;6;3.0;61.0;25.0;0
2019-03-11;0;3;2019;0;3.0;62.0;25.0;0
2019-03-12;0;3;2019;1;3.0;63.0;25.0;0
2019-03-13;0;3;2019;2;3.0;64.0;25.0;0
2019-03-14;0;3;2019;3;3.0;65.0;25.0;0
2019-03-15;0;3;2019;4;3.0;66.0;25.0;0
2019-03-16;0;3;2019;5;3.0;67.0;25.0;0
2019-03-17;0;3;2019;6;3.0;68.0;25.0;0
2019-03-18;0;3;2019;0;3.0;69.0;25.0;0
2019-03-19;0;3;2019;1;3.0;70.0;25.0;0
2019-03-20;0;3;2019;2;3.0;71.0;25.0;0
2019-03-21;0;3;2019;3;3.0;72.0;25.0;0
2019-03-22;0;3;2019;4;3.0;73.0;25.0;0
2019-03-23;0;3;2019;5;3.0;74.0;25.0;0
2019-03-24;0;3;2019;6;3.0;75.0;25.0;0
2019-03-25;0;3;2019;0;3.0;76.0;25.0;0
2019-03-26;0;3;2019;1;3.0;77.0;25.0;0
2019-03-27;0;3;2019;2;3.0;78.0;25.0;0
2019-03-28;0;3;2019;3;3.0;79.0;25.0;0
2019-03-29;4;3;2019;4;3.0;80.0;25.0;1
2019-03-30;0;3;2019;5;4.0;1.0;80.0;0
2019-03-31;0;3;2019;6;4.0;2.0;80.0;0
2019-04-01;0;4;2019;0;4.0;3.0;80.0;0
2019-04-02;0;4;2019;1;4.0;4.0;80.0;0
2019-04-03;0;4;2019;2;4.0;5.0;80.0;0
2019-04-04;0;4;2019;3;4.0;6.0;80.0;0
2019-04-05;0;4;2019;4;4.0;7.0;80.0;0
2019-04-06;0;4;2019;5;4.0;8.0;80.0;0
2019-04-07;0;4;2019;6;4.0;9.0;80.0;0
2019-04-08;0;4;2019;0;4.0;10.0;80.0;0
2019-04-09;0;4;2019;1;4.0;11.0;80.0;0
2019-04-10;0;4;2019;2;4.0;12.0;80.0;0
2019-04-11;0;4;2019;3;4.0;13.0;80.0;0
2019-04-12;0;4;2019;4;4.0;14.0;80.0;0
2019-04-13;0;4;2019;5;4.0;15.0;80.0;0
2019-04-14;0;4;2019;6;4.0;16.0;80.0;0
2019-04-15;0;4;2019;0;4.0;17.0;80.0;0
2019-04-16;0;4;2019;1;4.0;18.0;80.0;0
2019-04-17;0;4;2019;2;4.0;19.0;80.0;0
2019-04-18;0;4;2019;3;4.0;20.0;80.0;0
2019-04-19;0;4;2019;4;4.0;21.0;80.0;0
2019-04-20;0;4;2019;5;4.0;22.0;80.0;0
2019-04-21;0;4;2019;6;4.0;23.0;80.0;0
2019-04-22;0;4;2019;0;4.0;24.0;80.0;0
2019-04-23;0;4;2019;1;4.0;25.0;80.0;0
2019-04-24;0;4;2019;2;4.0;26.0;80.0;0
2019-04-25;0;4;2019;3;4.0;27.0;80.0;0
2019-04-26;0;4;2019;4;4.0;28.0;80.0;0
2019-04-27;0;4;2019;5;4.0;29.0;80.0;0
2019-04-28;3;4;2019;6;4.0;30.0;80.0;1
2019-04-29;0;4;2019;0;3.0;1.0;30.0;0
2019-04-30;0;4;2019;1;3.0;2.0;30.0;0
2019-05-01;0;5;2019;2;3.0;3.0;30.0;0
2019-05-02;0;5;2019;3;3.0;4.0;30.0;0
2019-05-03;0;5;2019;4;3.0;5.0;30.0;0
2019-05-04;0;5;2019;5;3.0;6.0;30.0;0
2019-05-05;0;5;2019;6;3.0;7.0;30.0;0
2019-05-06;0;5;2019;0;3.0;8.0;30.0;0
2019-05-07;0;5;2019;1;3.0;9.0;30.0;0
2019-05-08;0;5;2019;2;3.0;10.0;30.0;0
2019-05-09;0;5;2019;3;3.0;11.0;30.0;0
2019-05-10;0;5;2019;4;3.0;12.0;30.0;0
2019-05-11;0;5;2019;5;3.0;13.0;30.0;0
2019-05-12;0;5;2019;6;3.0;14.0;30.0;0
2019-05-13;0;5;2019;0;3.0;15.0;30.0;0
2019-05-14;0;5;2019;1;3.0;16.0;30.0;0
2019-05-15;0;5;2019;2;3.0;17.0;30.0;0
2019-05-16;0;5;2019;3;3.0;18.0;30.0;0
2019-05-17;0;5;2019;4;3.0;19.0;30.0;0
2019-05-18;0;5;2019;5;3.0;20.0;30.0;0
2019-05-19;0;5;2019;6;3.0;21.0;30.0;0
2019-05-20;0;5;2019;0;3.0;22.0;30.0;0
2019-05-21;0;5;2019;1;3.0;23.0;30.0;0
2019-05-22;0;5;2019;2;3.0;24.0;30.0;0
2019-05-23;0;5;2019;3;3.0;25.0;30.0;0
2019-05-24;0;5;2019;4;3.0;26.0;30.0;0
2019-05-25;0;5;2019;5;3.0;27.0;30.0;0
2019-05-26;0;5;2019;6;3.0;28.0;30.0;0
2019-05-27;0;5;2019;0;3.0;29.0;30.0;0
2019-05-28;0;5;2019;1;3.0;30.0;30.0;0
2019-05-29;0;5;2019;2;3.0;31.0;30.0;0
2019-05-30;0;5;2019;3;3.0;32.0;30.0;0
2019-05-31;0;5;2019;4;3.0;33.0;30.0;0
2019-06-01;0;6;2019;5;3.0;34.0;30.0;0
2019-06-02;0;6;2019;6;3.0;35.0;30.0;0
2019-06-03;0;6;2019;0;3.0;36.0;30.0;0
2019-06-04;0;6;2019;1;3.0;37.0;30.0;0
2019-06-05;0;6;2019;2;3.0;38.0;30.0;0
2019-06-06;3;6;2019;3;3.0;39.0;30.0;1
2019-06-07;0;6;2019;4;3.0;1.0;39.0;0
2019-06-08;0;6;2019;5;3.0;2.0;39.0;0
2019-06-09;0;6;2019;6;3.0;3.0;39.0;0
2019-06-10;0;6;2019;0;3.0;4.0;39.0;0
2019-06-11;0;6;2019;1;3.0;5.0;39.0;0
2019-06-12;0;6;2019;2;3.0;6.0;39.0;0
2019-06-13;0;6;2019;3;3.0;7.0;39.0;0
2019-06-14;0;6;2019;4;3.0;8.0;39.0;0
2019-06-15;0;6;2019;5;3.0;9.0;39.0;0
2019-06-16;0;6;2019;6;3.0;10.0;39.0;0
2019-06-17;0;6;2019;0;3.0;11.0;39.0;0
2019-06-18;0;6;2019;1;3.0;12.0;39.0;0
2019-06-19;0;6;2019;2;3.0;13.0;39.0;0
2019-06-20;0;6;2019;3;3.0;14.0;39.0;0
2019-06-21;0;6;2019;4;3.0;15.0;39.0;0
2019-06-22;0;6;2019;5;3.0;16.0;39.0;0
2019-06-23;0;6;2019;6;3.0;17.0;39.0;0
2019-06-24;0;6;2019;0;3.0;18.0;39.0;0
2019-06-25;0;6;2019;1;3.0;19.0;39.0;0
2019-06-26;0;6;2019;2;3.0;20.0;39.0;0
2019-06-27;0;6;2019;3;3.0;21.0;39.0;0
2019-06-28;0;6;2019;4;3.0;22.0;39.0;0
2019-06-29;0;6;2019;5;3.0;23.0;39.0;0
2019-06-30;0;6;2019;6;3.0;24.0;39.0;0
2019-07-01;0;7;2019;0;3.0;25.0;39.0;0
2019-07-02;0;7;2019;1;3.0;26.0;39.0;0
2019-07-03;0;7;2019;2;3.0;27.0;39.0;0
2019-07-04;2;7;2019;3;3.0;28.0;39.0;1
2019-07-05;0;7;2019;4;2.0;1.0;28.0;0
2019-07-06;0;7;2019;5;2.0;2.0;28.0;0
2019-07-07;0;7;2019;6;2.0;3.0;28.0;0
2019-07-08;0;7;2019;0;2.0;4.0;28.0;0
2019-07-09;0;7;2019;1;2.0;5.0;28.0;0
2019-07-10;0;7;2019;2;2.0;6.0;28.0;0
2019-07-11;0;7;2019;3;2.0;7.0;28.0;0
2019-07-12;0;7;2019;4;2.0;8.0;28.0;0
2019-07-13;0;7;2019;5;2.0;9.0;28.0;0
2019-07-14;0;7;2019;6;2.0;10.0;28.0;0
2019-07-15;0;7;2019;0;2.0;11.0;28.0;0
2019-07-16;0;7;2019;1;2.0;12.0;28.0;0
2019-07-17;0;7;2019;2;2.0;13.0;28.0;0
2019-07-18;0;7;2019;3;2.0;14.0;28.0;0
2019-07-19;0;7;2019;4;2.0;15.0;28.0;0
2019-07-20;0;7;2019;5;2.0;16.0;28.0;0
2019-07-21;0;7;2019;6;2.0;17.0;28.0;0
2019-07-22;0;7;2019;0;2.0;18.0;28.0;0
2019-07-23;0;7;2019;1;2.0;19.0;28.0;0
2019-07-24;0;7;2019;2;2.0;20.0;28.0;0
2019-07-25;0;7;2019;3;2.0;21.0;28.0;0
2019-07-26;0;7;2019;4;2.0;22.0;28.0;0
2019-07-27;0;7;2019;5;2.0;23.0;28.0;0
2019-07-28;0;7;2019;6;2.0;24.0;28.0;0
2019-07-29;0;7;2019;0;2.0;25.0;28.0;0
2019-07-30;0;7;2019;1;2.0;26.0;28.0;0
2019-07-31;0;7;2019;2;2.0;27.0;28.0;0
2019-08-01;0;8;2019;3;2.0;28.0;28.0;0
2019-08-02;3;8;2019;4;2.0;29.0;28.0;1
2019-08-03;0;8;2019;5;3.0;1.0;29.0;0
2019-08-04;0;8;2019;6;3.0;2.0;29.0;0
2019-08-05;0;8;2019;0;3.0;3.0;29.0;0
2019-08-06;0;8;2019;1;3.0;4.0;29.0;0
2019-08-07;0;8;2019;2;3.0;5.0;29.0;0
2019-08-08;0;8;2019;3;3.0;6.0;29.0;0
2019-08-09;0;8;2019;4;3.0;7.0;29.0;0
2019-08-10;0;8;2019;5;3.0;8.0;29.0;0
2019-08-11;0;8;2019;6;3.0;9.0;29.0;0
2019-08-12;0;8;2019;0;3.0;10.0;29.0;0
2019-08-13;0;8;2019;1;3.0;11.0;29.0;0
2019-08-14;0;8;2019;2;3.0;12.0;29.0;0
2019-08-15;0;8;2019;3;3.0;13.0;29.0;0
2019-08-16;0;8;2019;4;3.0;14.0;29.0;0
2019-08-17;0;8;2019;5;3.0;15.0;29.0;0
2019-08-18;0;8;2019;6;3.0;16.0;29.0;0
2019-08-19;0;8;2019;0;3.0;17.0;29.0;0
2019-08-20;0;8;2019;1;3.0;18.0;29.0;0
2019-08-21;0;8;2019;2;3.0;19.0;29.0;0
2019-08-22;0;8;2019;3;3.0;20.0;29.0;0
2019-08-23;0;8;2019;4;3.0;21.0;29.0;0
2019-08-24;0;8;2019;5;3.0;22.0;29.0;0
2019-08-25;0;8;2019;6;3.0;23.0;29.0;0
2019-08-26;0;8;2019;0;3.0;24.0;29.0;0
2019-08-27;0;8;2019;1;3.0;25.0;29.0;0
2019-08-28;0;8;2019;2;3.0;26.0;29.0;0
2019-08-29;2;8;2019;3;3.0;27.0;29.0;1
2019-08-30;0;8;2019;4;2.0;1.0;27.0;0
2019-08-31;0;8;2019;5;2.0;2.0;27.0;0
2019-09-01;0;9;2019;6;2.0;3.0;27.0;0
2019-09-02;0;9;2019;0;2.0;4.0;27.0;0
2019-09-03;0;9;2019;1;2.0;5.0;27.0;0
2019-09-04;0;9;2019;2;2.0;6.0;27.0;0
2019-09-05;0;9;2019;3;2.0;7.0;27.0;0
2019-09-06;0;9;2019;4;2.0;8.0;27.0;0
2019-09-07;0;9;2019;5;2.0;9.0;27.0;0
2019-09-08;0;9;2019;6;2.0;10.0;27.0;0
2019-09-09;0;9;2019;0;2.0;11.0;27.0;0
2019-09-10;0;9;2019;1;2.0;12.0;27.0;0
2019-09-11;0;9;2019;2;2.0;13.0;27.0;0
2019-09-12;0;9;2019;3;2.0;14.0;27.0;0
2019-09-13;0;9;2019;4;2.0;15.0;27.0;0
2019-09-14;0;9;2019;5;2.0;16.0;27.0;0
2019-09-15;0;9;2019;6;2.0;17.0;27.0;0
2019-09-16;0;9;2019;0;2.0;18.0;27.0;0
2019-09-17;0;9;2019;1;2.0;19.0;27.0;0
2019-09-18;0;9;2019;2;2.0;20.0;27.0;0
2019-09-19;0;9;2019;3;2.0;21.0;27.0;0
2019-09-20;0;9;2019;4;2.0;22.0;27.0;0
2019-09-21;0;9;2019;5;2.0;23.0;27.0;0
2019-09-22;0;9;2019;6;2.0;24.0;27.0;0
2019-09-23;0;9;2019;0;2.0;25.0;27.0;0
2019-09-24;0;9;2019;1;2.0;26.0;27.0;0
2019-09-25;0;9;2019;2;2.0;27.0;27.0;0
2019-09-26;0;9;2019;3;2.0;28.0;27.0;0
2019-09-27;0;9;2019;4;2.0;29.0;27.0;0
2019-09-28;0;9;2019;5;2.0;30.0;27.0;0
2019-09-29;0;9;2019;6;2.0;31.0;27.0;0
2019-09-30;0;9;2019;0;2.0;32.0;27.0;0
2019-10-01;0;10;2019;1;2.0;33.0;27.0;0
2019-10-02;0;10;2019;2;2.0;34.0;27.0;0
2019-10-03;0;10;2019;3;2.0;35.0;27.0;0
2019-10-04;0;10;2019;4;2.0;36.0;27.0;0
2019-10-05;0;10;2019;5;2.0;37.0;27.0;0
2019-10-06;0;10;2019;6;2.0;38.0;27.0;0
2019-10-07;0;10;2019;0;2.0;39.0;27.0;0
2019-10-08;0;10;2019;1;2.0;40.0;27.0;0
2019-10-09;0;10;2019;2;2.0;41.0;27.0;0
2019-10-10;0;10;2019;3;2.0;42.0;27.0;0
2019-10-11;0;10;2019;4;2.0;43.0;27.0;0
2019-10-12;0;10;2019;5;2.0;44.0;27.0;0
2019-10-13;0;10;2019;6;2.0;45.0;27.0;0
2019-10-14;3;10;2019;0;2.0;46.0;27.0;1
2019-10-15;0;10;2019;1;3.0;1.0;46.0;0
2019-10-16;0;10;2019;2;3.0;2.0;46.0;0
2019-10-17;0;10;2019;3;3.0;3.0;46.0;0
2019-10-18;0;10;2019;4;3.0;4.0;46.0;0
2019-10-19;0;10;2019;5;3.0;5.0;46.0;0
2019-10-20;0;10;2019;6;3.0;6.0;46.0;0
2019-10-21;0;10;2019;0;3.0;7.0;46.0;0
2019-10-22;0;10;2019;1;3.0;8.0;46.0;0
2019-10-23;0;10;2019;2;3.0;9.0;46.0;0
2019-10-24;0;10;2019;3;3.0;10.0;46.0;0
2019-10-25;0;10;2019;4;3.0;11.0;46.0;0
2019-10-26;0;10;2019;5;3.0;12.0;46.0;0
2019-10-27;0;10;2019;6;3.0;13.0;46.0;0
2019-10-28;3;10;2019;0;3.0;14.0;46.0;1
2019-10-29;0;10;2019;1;3.0;1.0;14.0;0
2019-10-30;0;10;2019;2;3.0;2.0;14.0;0
2019-10-31;0;10;2019;3;3.0;3.0;14.0;0
2019-11-01;0;11;2019;4;3.0;4.0;14.0;0
2019-11-02;0;11;2019;5;3.0;5.0;14.0;0
2019-11-03;0;11;2019;6;3.0;6.0;14.0;0
2019-11-04;2;11;2019;0;3.0;7.0;14.0;1
2019-11-05;0;11;2019;1;2.0;1.0;7.0;0
2019-11-06;0;11;2019;2;2.0;2.0;7.0;0
2019-11-07;0;11;2019;3;2.0;3.0;7.0;0
2019-11-08;0;11;2019;4;2.0;4.0;7.0;0
2019-11-09;0;11;2019;5;2.0;5.0;7.0;0
2019-11-10;0;11;2019;6;2.0;6.0;7.0;0
2019-11-11;0;11;2019;0;2.0;7.0;7.0;0
2019-11-12;0;11;2019;1;2.0;8.0;7.0;0
2019-11-13;0;11;2019;2;2.0;9.0;7.0;0
2019-11-14;0;11;2019;3;2.0;10.0;7.0;0
2019-11-15;0;11;2019;4;2.0;11.0;7.0;0
2019-11-16;0;11;2019;5;2.0;12.0;7.0;0
2019-11-17;0;11;2019;6;2.0;13.0;7.0;0
2019-11-18;0;11;2019;0;2.0;14.0;7.0;0
2019-11-19;0;11;2019;1;2.0;15.0;7.0;0
2019-11-20;0;11;2019;2;2.0;16.0;7.0;0
2019-11-21;0;11;2019;3;2.0;17.0;7.0;0
2019-11-22;0;11;2019;4;2.0;18.0;7.0;0
2019-11-23;0;11;2019;5;2.0;19.0;7.0;0
2019-11-24;0;11;2019;6;2.0;20.0;7.0;0
2019-11-25;0;11;2019;0;2.0;21.0;7.0;0
2019-11-26;0;11;2019;1;2.0;22.0;7.0;0
2019-11-27;0;11;2019;2;2.0;23.0;7.0;0
2019-11-28;0;11;2019;3;2.0;24.0;7.0;0
2019-11-29;0;11;2019;4;2.0;25.0;7.0;0
2019-11-30;0;11;2019;5;2.0;26.0;7.0;0
2019-12-01;0;12;2019;6;2.0;27.0;7.0;0
2019-12-02;0;12;2019;0;2.0;28.0;7.0;0
2019-12-03;0;12;2019;1;2.0;29.0;7.0;0
2019-12-04;0;12;2019;2;2.0;30.0;7.0;0
2019-12-05;0;12;2019;3;2.0;31.0;7.0;0
2019-12-06;0;12;2019;4;2.0;32.0;7.0;0
2019-12-07;0;12;2019;5;2.0;33.0;7.0;0
2019-12-08;0;12;2019;6;2.0;34.0;7.0;0
2019-12-09;2;12;2019;0;2.0;35.0;7.0;1
2019-12-10;0;12;2019;1;2.0;1.0;35.0;0
2019-12-11;0;12;2019;2;2.0;2.0;35.0;0
2019-12-12;0;12;2019;3;2.0;3.0;35.0;0
2019-12-13;0;12;2019;4;2.0;4.0;35.0;0
2019-12-14;0;12;2019;5;2.0;5.0;35.0;0
2019-12-15;0;12;2019;6;2.0;6.0;35.0;0
2019-12-16;0;12;2019;0;2.0;7.0;35.0;0
2019-12-17;0;12;2019;1;2.0;8.0;35.0;0
2019-12-18;0;12;2019;2;2.0;9.0;35.0;0
2019-12-19;0;12;2019;3;2.0;10.0;35.0;0
2019-12-20;0;12;2019;4;2.0;11.0;35.0;0
2019-12-21;0;12;2019;5;2.0;12.0;35.0;0
2019-12-22;0;12;2019;6;2.0;13.0;35.0;0
2019-12-23;0;12;2019;0;2.0;14.0;35.0;0
2019-12-24;0;12;2019;1;2.0;15.0;35.0;0
2019-12-25;0;12;2019;2;2.0;16.0;35.0;0
2019-12-26;0;12;2019;3;2.0;17.0;35.0;0
2019-12-27;0;12;2019;4;2.0;18.0;35.0;0
2019-12-28;0;12;2019;5;2.0;19.0;35.0;0
2019-12-29;0;12;2019;6;2.0;20.0;35.0;0
2019-12-30;0;12;2019;0;2.0;21.0;35.0;0
2019-12-31;0;12;2019;1;2.0;22.0;35.0;0
2020-01-01;0;1;2020;2;2.0;23.0;35.0;0
2020-01-02;0;1;2020;3;2.0;24.0;35.0;0
2020-01-03;0;1;2020;4;2.0;25.0;35.0;0
2020-01-04;0;1;2020;5;2.0;26.0;35.0;0
2020-01-05;0;1;2020;6;2.0;27.0;35.0;0
2020-01-06;2;1;2020;0;2.0;28.0;35.0;1
2020-01-07;0;1;2020;1;2.0;1.0;28.0;0
2020-01-08;0;1;2020;2;2.0;2.0;28.0;0
2020-01-09;0;1;2020;3;2.0;3.0;28.0;0
2020-01-10;0;1;2020;4;2.0;4.0;28.0;0
2020-01-11;0;1;2020;5;2.0;5.0;28.0;0
2020-01-12;0;1;2020;6;2.0;6.0;28.0;0
2020-01-13;0;1;2020;0;2.0;7.0;28.0;0
2020-01-14;0;1;2020;1;2.0;8.0;28.0;0
2020-01-15;0;1;2020;2;2.0;9.0;28.0;0
2020-01-16;0;1;2020;3;2.0;10.0;28.0;0
2020-01-17;0;1;2020;4;2.0;11.0;28.0;0
2020-01-18;0;1;2020;5;2.0;12.0;28.0;0
2020-01-19;0;1;2020;6;2.0;13.0;28.0;0
2020-01-20;0;1;2020;0;2.0;14.0;28.0;0
2020-01-21;0;1;2020;1;2.0;15.0;28.0;0
2020-01-22;0;1;2020;2;2.0;16.0;28.0;0
2020-01-23;0;1;2020;3;2.0;17.0;28.0;0
2020-01-24;0;1;2020;4;2.0;18.0;28.0;0
2020-01-25;0;1;2020;5;2.0;19.0;28.0;0
2020-01-26;0;1;2020;6;2.0;20.0;28.0;0
2020-01-27;0;1;2020;0;2.0;21.0;28.0;0
2020-01-28;0;1;2020;1;2.0;22.0;28.0;0
2020-01-29;3;1;2020;2;2.0;23.0;28.0;1
2020-01-30;0;1;2020;3;3.0;1.0;23.0;0
2020-01-31;0;1;2020;4;3.0;2.0;23.0;0
2020-02-01;0;2;2020;5;3.0;3.0;23.0;0
2020-02-02;0;2;2020;6;3.0;4.0;23.0;0
2020-02-03;0;2;2020;0;3.0;5.0;23.0;0
2020-02-04;0;2;2020;1;3.0;6.0;23.0;0
2020-02-05;0;2;2020;2;3.0;7.0;23.0;0
2020-02-06;0;2;2020;3;3.0;8.0;23.0;0
2020-02-07;0;2;2020;4;3.0;9.0;23.0;0
2020-02-08;0;2;2020;5;3.0;10.0;23.0;0
2020-02-09;0;2;2020;6;3.0;11.0;23.0;0
2020-02-10;0;2;2020;0;3.0;12.0;23.0;0
2020-02-11;0;2;2020;1;3.0;13.0;23.0;0
2020-02-12;0;2;2020;2;3.0;14.0;23.0;0
2020-02-13;0;2;2020;3;3.0;15.0;23.0;0
2020-02-14;0;2;2020;4;3.0;16.0;23.0;0
2020-02-15;0;2;2020;5;3.0;17.0;23.0;0
2020-02-16;0;2;2020;6;3.0;18.0;23.0;0
2020-02-17;0;2;2020;0;3.0;19.0;23.0;0
2020-02-18;0;2;2020;1;3.0;20.0;23.0;0
2020-02-19;0;2;2020;2;3.0;21.0;23.0;0
2020-02-20;0;2;2020;3;3.0;22.0;23.0;0
2020-02-21;0;2;2020;4;3.0;23.0;23.0;0
2020-02-22;0;2;2020;5;3.0;24.0;23.0;0
2020-02-23;0;2;2020;6;3.0;25.0;23.0;0
2020-02-24;0;2;2020;0;3.0;26.0;23.0;0
2020-02-25;0;2;2020;1;3.0;27.0;23.0;0
2020-02-26;0;2;2020;2;3.0;28.0;23.0;0
2020-02-27;0;2;2020;3;3.0;29.0;23.0;0
2020-02-28;0;2;2020;4;3.0;30.0;23.0;0
2020-02-29;0;2;2020;5;3.0;31.0;23.0;0
2020-03-01;0;3;2020;6;3.0;32.0;23.0;0
2020-03-02;0;3;2020;0;3.0;33.0;23.0;0
2020-03-03;0;3;2020;1;3.0;34.0;23.0;0
2020-03-04;0;3;2020;2;3.0;35.0;23.0;0
2020-03-05;0;3;2020;3;3.0;36.0;23.0;0
2020-03-06;0;3;2020;4;3.0;37.0;23.0;0
2020-03-07;0;3;2020;5;3.0;38.0;23.0;0
2020-03-08;0;3;2020;6;3.0;39.0;23.0;0
2020-03-09;0;3;2020;0;3.0;40.0;23.0;0
2020-03-10;0;3;2020;1;3.0;41.0;23.0;0
2020-03-11;0;3;2020;2;3.0;42.0;23.0;0
2020-03-12;0;3;2020;3;3.0;43.0;23.0;0
2020-03-13;0;3;2020;4;3.0;44.0;23.0;0
2020-03-14;0;3;2020;5;3.0;45.0;23.0;0
2020-03-15;0;3;2020;6;3.0;46.0;23.0;0
2020-03-16;3;3;2020;0;3.0;47.0;23.0;1
2020-03-17;0;3;2020;1;3.0;1.0;47.0;0
2020-03-18;0;3;2020;2;3.0;2.0;47.0;0
2020-03-19;0;3;2020;3;3.0;3.0;47.0;0
2020-03-20;0;3;2020;4;3.0;4.0;47.0;0
2020-03-21;0;3;2020;5;3.0;5.0;47.0;0
2020-03-22;0;3;2020;6;3.0;6.0;47.0;0
2020-03-23;0;3;2020;0;3.0;7.0;47.0;0
2020-03-24;0;3;2020;1;3.0;8.0;47.0;0
2020-03-25;0;3;2020;2;3.0;9.0;47.0;0
2020-03-26;0;3;2020;3;3.0;10.0;47.0;0
2020-03-27;1;3;2020;4;3.0;11.0;47.0;1
2020-03-28;0;3;2020;5;1.0;1.0;11.0;0
2020-03-29;0;3;2020;6;1.0;2.0;11.0;0
2020-03-30;0;3;2020;0;1.0;3.0;11.0;0
2020-03-31;0;3;2020;1;1.0;4.0;11.0;0
2020-04-01;0;4;2020;2;1.0;5.0;11.0;0
2020-04-02;0;4;2020;3;1.0;6.0;11.0;0
2020-04-03;0;4;2020;4;1.0;7.0;11.0;0
2020-04-04;0;4;2020;5;1.0;8.0;11.0;0
2020-04-05;0;4;2020;6;1.0;9.0;11.0;0
2020-04-06;0;4;2020;0;1.0;10.0;11.0;0
2020-04-07;0;4;2020;1;1.0;11.0;11.0;0
2020-04-08;0;4;2020;2;1.0;12.0;11.0;0
2020-04-09;0;4;2020;3;1.0;13.0;11.0;0
2020-04-10;0;4;2020;4;1.0;14.0;11.0;0
2020-04-11;0;4;2020;5;1.0;15.0;11.0;0
2020-04-12;0;4;2020;6;1.0;16.0;11.0;0
2020-04-13;0;4;2020;0;1.0;17.0;11.0;0
2020-04-14;0;4;2020;1;1.0;18.0;11.0;0
2020-04-15;0;4;2020;2;1.0;19.0;11.0;0
2020-04-16;0;4;2020;3;1.0;20.0;11.0;0
2020-04-17;0;4;2020;4;1.0;21.0;11.0;0
2020-04-18;0;4;2020;5;1.0;22.0;11.0;0
2020-04-19;0;4;2020;6;1.0;23.0;11.0;0
2020-04-20;0;4;2020;0;1.0;24.0;11.0;0
2020-04-21;0;4;2020;1;1.0;25.0;11.0;0
2020-04-22;0;4;2020;2;1.0;26.0;11.0;0
2020-04-23;3;4;2020;3;1.0;27.0;11.0;1
2020-04-24;0;4;2020;4;3.0;1.0;27.0;0
2020-04-25;0;4;2020;5;3.0;2.0;27.0;0
2020-04-26;0;4;2020;6;3.0;3.0;27.0;0
2020-04-27;0;4;2020;0;3.0;4.0;27.0;0
2020-04-28;0;4;2020;1;3.0;5.0;27.0;0
2020-04-29;0;4;2020;2;3.0;6.0;27.0;0
2020-04-30;0;4;2020;3;3.0;7.0;27.0;0
2020-05-01;0;5;2020;4;3.0;8.0;27.0;0
2020-05-02;0;5;2020;5;3.0;9.0;27.0;0
2020-05-03;0;5;2020;6;3.0;10.0;27.0;0
2020-05-04;0;5;2020;0;3.0;11.0;27.0;0
2020-05-05;0;5;2020;1;3.0;12.0;27.0;0
2020-05-06;2;5;2020;2;3.0;13.0;27.0;1
2020-05-07;0;5;2020;3;2.0;1.0;13.0;0
2020-05-08;0;5;2020;4;2.0;2.0;13.0;0
2020-05-09;0;5;2020;5;2.0;3.0;13.0;0
2020-05-10;0;5;2020;6;2.0;4.0;13.0;0
2020-05-11;0;5;2020;0;2.0;5.0;13.0;0
2020-05-12;0;5;2020;1;2.0;6.0;13.0;0
2020-05-13;0;5;2020;2;2.0;7.0;13.0;0
2020-05-14;0;5;2020;3;2.0;8.0;13.0;0
2020-05-15;0;5;2020;4;2.0;9.0;13.0;0
2020-05-16;0;5;2020;5;2.0;10.0;13.0;0
2020-05-17;0;5;2020;6;2.0;11.0;13.0;0
2020-05-18;0;5;2020;0;2.0;12.0;13.0;0
2020-05-19;0;5;2020;1;2.0;13.0;13.0;0
2020-05-20;0;5;2020;2;2.0;14.0;13.0;0
2020-05-21;0;5;2020;3;2.0;15.0;13.0;0
2020-05-22;0;5;2020;4;2.0;16.0;13.0;0
2020-05-23;0;5;2020;5;2.0;17.0;13.0;0
2020-05-24;0;5;2020;6;2.0;18.0;13.0;0
2020-05-25;0;5;2020;0;2.0;19.0;13.0;0
2020-05-26;0;5;2020;1;2.0;20.0;13.0;0
2020-05-27;0;5;2020;2;2.0;21.0;13.0;0
2020-05-28;0;5;2020;3;2.0;22.0;13.0;0
2020-05-29;0;5;2020;4;2.0;23.0;13.0;0
2020-05-30;0;5;2020;5;2.0;24.0;13.0;0
2020-05-31;0;5;2020;6;2.0;25.0;13.0;0
2020-06-01;0;6;2020;0;2.0;26.0;13.0;0
2020-06-02;0;6;2020;1;2.0;27.0;13.0;0
2020-06-03;0;6;2020;2;2.0;28.0;13.0;0
2020-06-04;0;6;2020;3;2.0;29.0;13.0;0
2020-06-05;0;6;2020;4;2.0;30.0;13.0;0
2020-06-06;0;6;2020;5;2.0;31.0;13.0;0
2020-06-07;0;6;2020;6;2.0;32.0;13.0;0
2020-06-08;0;6;2020;0;2.0;33.0;13.0;0
2020-06-09;0;6;2020;1;2.0;34.0;13.0;0
2020-06-10;0;6;2020;2;2.0;35.0;13.0;0
2020-06-11;0;6;2020;3;2.0;36.0;13.0;0
2020-06-12;0;6;2020;4;2.0;37.0;13.0;0
2020-06-13;0;6;2020;5;2.0;38.0;13.0;0
2020-06-14;0;6;2020;6;2.0;39.0;13.0;0
2020-06-15;0;6;2020;0;2.0;40.0;13.0;0
2020-06-16;0;6;2020;1;2.0;41.0;13.0;0
2020-06-17;0;6;2020;2;2.0;42.0;13.0;0
2020-06-18;0;6;2020;3;2.0;43.0;13.0;0
2020-06-19;0;6;2020;4;2.0;44.0;13.0;0
2020-06-20;0;6;2020;5;2.0;45.0;13.0;0
2020-06-21;0;6;2020;6;2.0;46.0;13.0;0
2020-06-22;3;6;2020;0;2.0;47.0;13.0;1
2020-06-23;0;6;2020;1;3.0;1.0;47.0;0
2020-06-24;0;6;2020;2;3.0;2.0;47.0;0
2020-06-25;0;6;2020;3;3.0;3.0;47.0;0
2020-06-26;0;6;2020;4;3.0;4.0;47.0;0
2020-06-27;0;6;2020;5;3.0;5.0;47.0;0
2020-06-28;0;6;2020;6;3.0;6.0;47.0;0
2020-06-29;0;6;2020;0;3.0;7.0;47.0;0
2020-06-30;0;6;2020;1;3.0;8.0;47.0;0
2020-07-01;0;7;2020;2;3.0;9.0;47.0;0
2020-07-02;0;7;2020;3;3.0;10.0;47.0;0
2020-07-03;0;7;2020;4;3.0;11.0;47.0;0
2020-07-04;0;7;2020;5;3.0;12.0;47.0;0
2020-07-05;0;7;2020;6;3.0;13.0;47.0;0
2020-07-06;0;7;2020;0;3.0;14.0;47.0;0
2020-07-07;0;7;2020;1;3.0;15.0;47.0;0
2020-07-08;0;7;2020;2;3.0;16.0;47.0;0
2020-07-09;0;7;2020;3;3.0;17.0;47.0;0
2020-07-10;0;7;2020;4;3.0;18.0;47.0;0
2020-07-11;0;7;2020;5;3.0;19.0;47.0;0
2020-07-12;0;7;2020;6;3.0;20.0;47.0;0
2020-07-13;0;7;2020;0;3.0;21.0;47.0;0
2020-07-14;0;7;2020;1;3.0;22.0;47.0;0
2020-07-15;0;7;2020;2;3.0;23.0;47.0;0
2020-07-16;0;7;2020;3;3.0;24.0;47.0;0
2020-07-17;0;7;2020;4;3.0;25.0;47.0;0
2020-07-18;0;7;2020;5;3.0;26.0;47.0;0
2020-07-19;0;7;2020;6;3.0;27.0;47.0;0
2020-07-20;0;7;2020;0;3.0;28.0;47.0;0
2020-07-21;0;7;2020;1;3.0;29.0;47.0;0
2020-07-22;0;7;2020;2;3.0;30.0;47.0;0
2020-07-23;0;7;2020;3;3.0;31.0;47.0;0
2020-07-24;0;7;2020;4;3.0;32.0;47.0;0
2020-07-25;0;7;2020;5;3.0;33.0;47.0;0
2020-07-26;0;7;2020;6;3.0;34.0;47.0;0
2020-07-27;0;7;2020;0;3.0;35.0;47.0;0
2020-07-28;0;7;2020;1;3.0;36.0;47.0;0
2020-07-29;3;7;2020;2;3.0;37.0;47.0;1
2020-07-30;0;7;2020;3;3.0;1.0;37.0;0
2020-07-31;0;7;2020;4;3.0;2.0;37.0;0
2020-08-01;0;8;2020;5;3.0;3.0;37.0;0
2020-08-02;0;8;2020;6;3.0;4.0;37.0;0
2020-08-03;0;8;2020;0;3.0;5.0;37.0;0
2020-08-04;0;8;2020;1;3.0;6.0;37.0;0
2020-08-05;0;8;2020;2;3.0;7.0;37.0;0
2020-08-06;0;8;2020;3;3.0;8.0;37.0;0
2020-08-07;0;8;2020;4;3.0;9.0;37.0;0
2020-08-08;0;8;2020;5;3.0;10.0;37.0;0
2020-08-09;0;8;2020;6;3.0;11.0;37.0;0
2020-08-10;0;8;2020;0;3.0;12.0;37.0;0
2020-08-11;0;8;2020;1;3.0;13.0;37.0;0
2020-08-12;0;8;2020;2;3.0;14.0;37.0;0
2020-08-13;0;8;2020;3;3.0;15.0;37.0;0
2020-08-14;0;8;2020;4;3.0;16.0;37.0;0
2020-08-15;0;8;2020;5;3.0;17.0;37.0;0
2020-08-16;0;8;2020;6;3.0;18.0;37.0;0
2020-08-17;0;8;2020;0;3.0;19.0;37.0;0
2020-08-18;0;8;2020;1;3.0;20.0;37.0;0
2020-08-19;0;8;2020;2;3.0;21.0;37.0;0
2020-08-20;0;8;2020;3;3.0;22.0;37.0;0
2020-08-21;0;8;2020;4;3.0;23.0;37.0;0
2020-08-22;0;8;2020;5;3.0;24.0;37.0;0
2020-08-23;0;8;2020;6;3.0;25.0;37.0;0
2020-08-24;0;8;2020;0;3.0;26.0;37.0;0
2020-08-25;0;8;2020;1;3.0;27.0;37.0;0
2020-08-26;0;8;2020;2;3.0;28.0;37.0;0
2020-08-27;0;8;2020;3;3.0;29.0;37.0;0
2020-08-28;0;8;2020;4;3.0;30.0;37.0;0
2020-08-29;0;8;2020;5;3.0;31.0;37.0;0
2020-08-30;0;8;2020;6;3.0;32.0;37.0;0
2020-08-31;0;8;2020;0;3.0;33.0;37.0;0
2020-09-01;0;9;2020;1;3.0;34.0;37.0;0
2020-09-02;0;9;2020;2;3.0;35.0;37.0;0
2020-09-03;0;9;2020;3;3.0;36.0;37.0;0
2020-09-04;0;9;2020;4;3.0;37.0;37.0;0
2020-09-05;0;9;2020;5;3.0;38.0;37.0;0
2020-09-06;0;9;2020;6;3.0;39.0;37.0;0
2020-09-07;0;9;2020;0;3.0;40.0;37.0;0
2020-09-08;0;9;2020;1;3.0;41.0;37.0;0
2020-09-09;0;9;2020;2;3.0;42.0;37.0;0
2020-09-10;0;9;2020;3;3.0;43.0;37.0;0
2020-09-11;3;9;2020;4;3.0;44.0;37.0;1
2020-09-12;0;9;2020;5;3.0;1.0;44.0;0
2020-09-13;0;9;2020;6;3.0;2.0;44.0;0
2020-09-14;0;9;2020;0;3.0;3.0;44.0;0
2020-09-15;0;9;2020;1;3.0;4.0;44.0;0
2020-09-16;0;9;2020;2;3.0;5.0;44.0;0
2020-09-17;0;9;2020;3;3.0;6.0;44.0;0
2020-09-18;0;9;2020;4;3.0;7.0;44.0;0
2020-09-19;0;9;2020;5;3.0;8.0;44.0;0
2020-09-20;0;9;2020;6;3.0;9.0;44.0;0
2020-09-21;0;9;2020;0;3.0;10.0;44.0;0
2020-09-22;0;9;2020;1;3.0;11.0;44.0;0
2020-09-23;0;9;2020;2;3.0;12.0;44.0;0
2020-09-24;0;9;2020;3;3.0;13.0;44.0;0
2020-09-25;0;9;2020;4;3.0;14.0;44.0;0
2020-09-26;0;9;2020;5;3.0;15.0;44.0;0
2020-09-27;0;9;2020;6;3.0;16.0;44.0;0
2020-09-28;0;9;2020;0;3.0;17.0;44.0;0
2020-09-29;0;9;2020;1;3.0;18.0;44.0;0
2020-09-30;0;9;2020;2;3.0;19.0;44.0;0
2020-10-01;0;10;2020;3;3.0;20.0;44.0;0
2020-10-02;0;10;2020;4;3.0;21.0;44.0;0
2020-10-03;0;10;2020;5;3.0;22.0;44.0;0
2020-10-04;0;10;2020;6;3.0;23.0;44.0;0
2020-10-05;0;10;2020;0;3.0;24.0;44.0;0
2020-10-06;0;10;2020;1;3.0;25.0;44.0;0
2020-10-07;0;10;2020;2;3.0;26.0;44.0;0
2020-10-08;0;10;2020;3;3.0;27.0;44.0;0
2020-10-09;0;10;2020;4;3.0;28.0;44.0;0
2020-10-10;0;10;2020;5;3.0;29.0;44.0;0
2020-10-11;0;10;2020;6;3.0;30.0;44.0;0
2020-10-12;0;10;2020;0;3.0;31.0;44.0;0
2020-10-13;0;10;2020;1;3.0;32.0;44.0;0
2020-10-14;0;10;2020;2;3.0;33.0;44.0;0
2020-10-15;0;10;2020;3;3.0;34.0;44.0;0
2020-10-16;0;10;2020;4;3.0;35.0;44.0;0
2020-10-17;0;10;2020;5;3.0;36.0;44.0;0
2020-10-18;0;10;2020;6;3.0;37.0;44.0;0
2020-10-19;0;10;2020;0;3.0;38.0;44.0;0
2020-10-20;0;10;2020;1;3.0;39.0;44.0;0
2020-10-21;0;10;2020;2;3.0;40.0;44.0;0
2020-10-22;3;10;2020;3;3.0;41.0;44.0;1
2020-10-23;0;10;2020;4;3.0;1.0;41.0;0
2020-10-24;0;10;2020;5;3.0;2.0;41.0;0
2020-10-25;0;10;2020;6;3.0;3.0;41.0;0
2020-10-26;0;10;2020;0;3.0;4.0;41.0;0
2020-10-27;0;10;2020;1;3.0;5.0;41.0;0
2020-10-28;0;10;2020;2;3.0;6.0;41.0;0
2020-10-29;0;10;2020;3;3.0;7.0;41.0;0
2020-10-30;0;10;2020;4;3.0;8.0;41.0;0
2020-10-31;0;10;2020;5;3.0;9.0;41.0;0
2020-11-01;0;11;2020;6;3.0;10.0;41.0;0
2020-11-02;0;11;2020;0;3.0;11.0;41.0;0
2020-11-03;0;11;2020;1;3.0;12.0;41.0;0
2020-11-04;0;11;2020;2;3.0;13.0;41.0;0
2020-11-05;0;11;2020;3;3.0;14.0;41.0;0
2020-11-06;0;11;2020;4;3.0;15.0;41.0;0
2020-11-07;0;11;2020;5;3.0;16.0;41.0;0
2020-11-08;0;11;2020;6;3.0;17.0;41.0;0
2020-11-09;0;11;2020;0;3.0;18.0;41.0;0
2020-11-10;0;11;2020;1;3.0;19.0;41.0;0
2020-11-11;0;11;2020;2;3.0;20.0;41.0;0
2020-11-12;0;11;2020;3;3.0;21.0;41.0;0
2020-11-13;0;11;2020;4;3.0;22.0;41.0;0
2020-11-14;0;11;2020;5;3.0;23.0;41.0;0
2020-11-15;0;11;2020;6;3.0;24.0;41.0;0
2020-11-16;0;11;2020;0;3.0;25.0;41.0;0
2020-11-17;0;11;2020;1;3.0;26.0;41.0;0
2020-11-18;3;11;2020;2;3.0;27.0;41.0;1
2020-11-19;0;11;2020;3;3.0;1.0;27.0;0
2020-11-20;0;11;2020;4;3.0;2.0;27.0;0
2020-11-21;0;11;2020;5;3.0;3.0;27.0;0
2020-11-22;0;11;2020;6;3.0;4.0;27.0;0
2020-11-23;0;11;2020;0;3.0;5.0;27.0;0
2020-11-24;0;11;2020;1;3.0;6.0;27.0;0
2020-11-25;0;11;2020;2;3.0;7.0;27.0;0
2020-11-26;0;11;2020;3;3.0;8.0;27.0;0
2020-11-27;0;11;2020;4;3.0;9.0;27.0;0
2020-11-28;0;11;2020;5;3.0;10.0;27.0;0
2020-11-29;0;11;2020;6;3.0;11.0;27.0;0
2020-11-30;0;11;2020;0;3.0;12.0;27.0;0
2020-12-01;0;12;2020;1;3.0;13.0;27.0;0
2020-12-02;0;12;2020;2;3.0;14.0;27.0;0
2020-12-03;0;12;2020;3;3.0;15.0;27.0;0
2020-12-04;0;12;2020;4;3.0;16.0;27.0;0
2020-12-05;0;12;2020;5;3.0;17.0;27.0;0
2020-12-06;0;12;2020;6;3.0;18.0;27.0;0
2020-12-07;3;12;2020;0;3.0;19.0;27.0;1
2020-12-08;0;12;2020;1;3.0;1.0;19.0;0
2020-12-09;0;12;2020;2;3.0;2.0;19.0;0
2020-12-10;0;12;2020;3;3.0;3.0;19.0;0
2020-12-11;0;12;2020;4;3.0;4.0;19.0;0
2020-12-12;0;12;2020;5;3.0;5.0;19.0;0
2020-12-13;0;12;2020;6;3.0;6.0;19.0;0
2020-12-14;0;12;2020;0;3.0;7.0;19.0;0
2020-12-15;0;12;2020;1;3.0;8.0;19.0;0
2020-12-16;0;12;2020;2;3.0;9.0;19.0;0
2020-12-17;0;12;2020;3;3.0;10.0;19.0;0
2020-12-18;0;12;2020;4;3.0;11.0;19.0;0
2020-12-19;0;12;2020;5;3.0;12.0;19.0;0
2020-12-20;0;12;2020;6;3.0;13.0;19.0;0
2020-12-21;0;12;2020;0;3.0;14.0;19.0;0
2020-12-22;0;12;2020;1;3.0;15.0;19.0;0
2020-12-23;0;12;2020;2;3.0;16.0;19.0;0
2020-12-24;0;12;2020;3;3.0;17.0;19.0;0
2020-12-25;0;12;2020;4;3.0;18.0;19.0;0
2020-12-26;0;12;2020;5;3.0;19.0;19.0;0
2020-12-27;0;12;2020;6;3.0;20.0;19.0;0
2020-12-28;0;12;2020;0;3.0;21.0;19.0;0
2020-12-29;0;12;2020;1;3.0;22.0;19.0;0
2020-12-30;0;12;2020;2;3.0;23.0;19.0;0
2020-12-31;0;12;2020;3;3.0;24.0;19.0;0
2021-01-01;0;1;2021;4;3.0;25.0;19.0;0
2021-01-02;0;1;2021;5;3.0;26.0;19.0;0
2021-01-03;0;1;2021;6;3.0;27.0;19.0;0
2021-01-04;0;1;2021;0;3.0;28.0;19.0;0
2021-01-05;0;1;2021;1;3.0;29.0;19.0;0
2021-01-06;0;1;2021;2;3.0;30.0;19.0;0
2021-01-07;0;1;2021;3;3.0;31.0;19.0;0
2021-01-08;0;1;2021;4;3.0;32.0;19.0;0
2021-01-09;0;1;2021;5;3.0;33.0;19.0;0
2021-01-10;0;1;2021;6;3.0;34.0;19.0;0
2021-01-11;0;1;2021;0;3.0;35.0;19.0;0
2021-01-12;0;1;2021;1;3.0;36.0;19.0;0
2021-01-13;0;1;2021;2;3.0;37.0;19.0;0
2021-01-14;0;1;2021;3;3.0;38.0;19.0;0
2021-01-15;0;1;2021;4;3.0;39.0;19.0;0
2021-01-16;0;1;2021;5;3.0;40.0;19.0;0
2021-01-17;0;1;2021;6;3.0;41.0;19.0;0
2021-01-18;0;1;2021;0;3.0;42.0;19.0;0
2021-01-19;0;1;2021;1;3.0;43.0;19.0;0
2021-01-20;0;1;2021;2;3.0;44.0;19.0;0
2021-01-21;0;1;2021;3;3.0;45.0;19.0;0
2021-01-22;0;1;2021;4;3.0;46.0;19.0;0
2021-01-23;0;1;2021;5;3.0;47.0;19.0;0
2021-01-24;0;1;2021;6;3.0;48.0;19.0;0
2021-01-25;0;1;2021;0;3.0;49.0;19.0;0
2021-01-26;0;1;2021;1;3.0;50.0;19.0;0
2021-01-27;0;1;2021;2;3.0;51.0;19.0;0
2021-01-28;0;1;2021;3;3.0;52.0;19.0;0
2021-01-29;0;1;2021;4;3.0;53.0;19.0;0
2021-01-30;0;1;2021;5;3.0;54.0;19.0;0
2021-01-31;0;1;2021;6;3.0;55.0;19.0;0
2021-02-01;0;2;2021;0;3.0;56.0;19.0;0
2021-02-02;0;2;2021;1;3.0;57.0;19.0;0
2021-02-03;0;2;2021;2;3.0;58.0;19.0;0
2021-02-04;0;2;2021;3;3.0;59.0;19.0;0
2021-02-05;0;2;2021;4;3.0;60.0;19.0;0
2021-02-06;0;2;2021;5;3.0;61.0;19.0;0
2021-02-07;0;2;2021;6;3.0;62.0;19.0;0
2021-02-08;0;2;2021;0;3.0;63.0;19.0;0
2021-02-09;0;2;2021;1;3.0;64.0;19.0;0
2021-02-10;0;2;2021;2;3.0;65.0;19.0;0
2021-02-11;3;2;2021;3;3.0;66.0;19.0;1
