TP,HM_1,NN_1,SES_1,Cr_1,SBA_1,RNN_1,Naive_1,HM_3,NN_3,SES_3,Cr_3,SBA_3,RNN_3,Naive_3,HM_5,NN_5,SES_5,Cr_5,SBA_5,RNN_5,Naive_5,HM_7,NN_7,SES_7,Cr_7,SBA_7,RNN_7,Naive_7,HM_14,NN_14,SES_14,Cr_14,SBA_14,RNN_14,Naive_14,ZF
0.0,0.0,0.9575620964169502,1.0584774295674533,1.158500221599662,1.1416953302711152,0.07173089403659105,0,0.0,0.9575620964169502,1.0584774295674533,1.158500221599662,1.1416953302711152,0.07173089403659105,0,0.0,0.9575620964169502,1.0584774295674533,1.158500221599662,1.1416953302711152,0.07173089403659105,0,0.0,0.9575620964169502,1.0584774295674533,1.158500221599662,1.1416953302711152,0.07173089403659105,0,0.0,0.9575620964169502,1.0584774295674533,1.158500221599662,1.1416953302711152,0.07173089403659105,0,0
0.0,0.0,0.9575620964169502,1.055301997278751,1.158500221599662,1.1416953302711152,0.07173089403659105,0,0.0,0.9575620964169502,1.0584774295674533,1.158500221599662,1.1416953302711152,0.07173089403659105,0,0.0,0.9575620964169502,1.0584774295674533,1.158500221599662,1.1416953302711152,0.07173089403659105,0,0.0,0.9575620964169502,1.0584774295674533,1.158500221599662,1.1416953302711152,0.07173089403659105,0,0.0,0.9575620964169502,1.0584774295674533,1.158500221599662,1.1416953302711152,0.07173089403659105,0,0
0.0,0.0,0.9575620964169502,1.0521360912869147,1.158500221599662,1.1416953302711152,0.07173089403659105,0,0.0,0.9575620964169502,1.0584774295674533,1.158500221599662,1.1416953302711152,0.07173089403659105,0,0.0,0.9575620964169502,1.0584774295674533,1.158500221599662,1.1416953302711152,0.07173089403659105,0,0.0,0.9575620964169502,1.0584774295674533,1.158500221599662,1.1416953302711152,0.07173089403659105,0,0.0,0.9575620964169502,1.0584774295674533,1.158500221599662,1.1416953302711152,0.07173089403659105,0,0
0.0,0.0,0.9575620964169502,1.048979683013054,1.158500221599662,1.1416953302711152,0.07173089403659105,0,0.0,0.9575620964169502,1.048979683013054,1.158500221599662,1.1416953302711152,0.07173089403659105,0,0.0,0.9575620964169502,1.0584774295674533,1.158500221599662,1.1416953302711152,0.07173089403659105,0,0.0,0.9575620964169502,1.0584774295674533,1.158500221599662,1.1416953302711152,0.07173089403659105,0,0.0,0.9575620964169502,1.0584774295674533,1.158500221599662,1.1416953302711152,0.07173089403659105,0,0
0.0,0.0,0.9575620964169502,1.045832743964015,1.158500221599662,1.1416953302711152,0.07173089403659105,0,0.0,0.9575620964169502,1.048979683013054,1.158500221599662,1.1416953302711152,0.07173089403659105,0,0.0,0.9575620964169502,1.0584774295674533,1.158500221599662,1.1416953302711152,0.07173089403659105,0,0.0,0.9575620964169502,1.0584774295674533,1.158500221599662,1.1416953302711152,0.07173089403659105,0,0.0,0.9575620964169502,1.0584774295674533,1.158500221599662,1.1416953302711152,0.07173089403659105,0,0
0.0,0.0,0.9575620964169502,1.0426952457321228,1.158500221599662,1.1416953302711152,0.07173089403659105,0,0.0,0.9575620964169502,1.048979683013054,1.158500221599662,1.1416953302711152,0.07173089403659105,0,0.0,0.9575620964169502,1.0426952457321228,1.158500221599662,1.1416953302711152,0.07173089403659105,0,0.0,0.9575620964169502,1.0584774295674533,1.158500221599662,1.1416953302711152,0.07173089403659105,0,0.0,0.9575620964169502,1.0584774295674533,1.158500221599662,1.1416953302711152,0.07173089403659105,0,0
0.0,0.0,0.9575620964169502,1.0395671599949263,1.158500221599662,1.1416953302711152,0.07173089403659105,0,0.0,0.9575620964169502,1.0395671599949263,1.158500221599662,1.1416953302711152,0.07173089403659105,0,0.0,0.9575620964169502,1.0426952457321228,1.158500221599662,1.1416953302711152,0.07173089403659105,0,0.0,0.9575620964169502,1.0584774295674533,1.158500221599662,1.1416953302711152,0.07173089403659105,0,0.0,0.9575620964169502,1.0584774295674533,1.158500221599662,1.1416953302711152,0.07173089403659105,0,0
0.0,0.0,0.9575620964169502,1.0364484585149416,1.158500221599662,1.1416953302711152,0.07173089403659105,0,0.0,0.9575620964169502,1.0395671599949263,1.158500221599662,1.1416953302711152,0.07173089403659105,0,0.0,0.9575620964169502,1.0426952457321228,1.158500221599662,1.1416953302711152,0.07173089403659105,0,0.0,0.9575620964169502,1.0364484585149416,1.158500221599662,1.1416953302711152,0.07173089403659105,0,0.0,0.9575620964169502,1.0584774295674533,1.158500221599662,1.1416953302711152,0.07173089403659105,0,0
0.0,0.0,0.9575620964169502,1.0333391131393967,1.158500221599662,1.1416953302711152,0.07173089403659105,0,0.0,0.9575620964169502,1.0395671599949263,1.158500221599662,1.1416953302711152,0.07173089403659105,0,0.0,0.9575620964169502,1.0426952457321228,1.158500221599662,1.1416953302711152,0.07173089403659105,0,0.0,0.9575620964169502,1.0364484585149416,1.158500221599662,1.1416953302711152,0.07173089403659105,0,0.0,0.9575620964169502,1.0584774295674533,1.158500221599662,1.1416953302711152,0.07173089403659105,0,0
0.0,0.0,0.9575620964169502,1.0302390957999785,1.158500221599662,1.1416953302711152,0.07173089403659105,0,0.0,0.9575620964169502,1.0302390957999785,1.158500221599662,1.1416953302711152,0.07173089403659105,0,0.0,0.9575620964169502,1.0426952457321228,1.158500221599662,1.1416953302711152,0.07173089403659105,0,0.0,0.9575620964169502,1.0364484585149416,1.158500221599662,1.1416953302711152,0.07173089403659105,0,0.0,0.9575620964169502,1.0584774295674533,1.158500221599662,1.1416953302711152,0.07173089403659105,0,0
0.0,0.0,0.9575620964169502,1.0271483785125786,1.158500221599662,1.1416953302711152,0.07173089403659105,0,0.0,0.9575620964169502,1.0302390957999785,1.158500221599662,1.1416953302711152,0.07173089403659105,0,0.0,0.9575620964169502,1.0271483785125786,1.158500221599662,1.1416953302711152,0.07173089403659105,0,0.0,0.9575620964169502,1.0364484585149416,1.158500221599662,1.1416953302711152,0.07173089403659105,0,0.0,0.9575620964169502,1.0584774295674533,1.158500221599662,1.1416953302711152,0.07173089403659105,0,0
0.0,3.818549871444702,0.9575620964169502,1.024066933377041,1.158500221599662,1.1416953302711152,0.07173089403659105,0,3.818549871444702,0.9575620964169502,1.0302390957999785,1.158500221599662,1.1416953302711152,0.07173089403659105,0,3.818549871444702,0.9575620964169502,1.0271483785125786,1.158500221599662,1.1416953302711152,0.07173089403659105,0,3.818549871444702,0.9575620964169502,1.0364484585149416,1.158500221599662,1.1416953302711152,0.07173089403659105,0,3.818549871444702,0.9575620964169502,1.0584774295674533,1.158500221599662,1.1416953302711152,0.07173089403659105,0,0
0.0,3.8584182262420654,0.9575620964169502,1.0209947325769098,1.158500221599662,1.1416953302711152,0.07173089403659105,0,3.8584182262420654,0.9575620964169502,1.0209947325769098,1.158500221599662,1.1416953302711152,0.07173089403659105,0,0.0,0.9575620964169502,1.0271483785125786,1.158500221599662,1.1416953302711152,0.07173089403659105,0,0.0,0.9575620964169502,1.0364484585149416,1.158500221599662,1.1416953302711152,0.07173089403659105,0,0.0,0.9575620964169502,1.0584774295674533,1.158500221599662,1.1416953302711152,0.07173089403659105,0,0
0.0,0.0,0.9575620964169502,1.017931748379179,1.158500221599662,1.1416953302711152,0.07173089403659105,0,0.0,0.9575620964169502,1.0209947325769098,1.158500221599662,1.1416953302711152,0.07173089403659105,0,0.0,0.9575620964169502,1.0271483785125786,1.158500221599662,1.1416953302711152,0.07173089403659105,0,0.0,0.9575620964169502,1.0364484585149416,1.158500221599662,1.1416953302711152,0.07173089403659105,0,0.0,0.9575620964169502,1.0584774295674533,1.158500221599662,1.1416953302711152,0.07173089403659105,0,0
0.0,0.0,0.9687715172767639,1.0148779531340415,1.158500221599662,1.1416953302711152,0.22806886956095695,0,0.0,0.9687715172767639,1.0209947325769098,1.158500221599662,1.1416953302711152,0.22806886956095695,0,0.0,0.9687715172767639,1.0271483785125786,1.158500221599662,1.1416953302711152,0.22806886956095695,0,0.0,0.9687715172767639,1.0148779531340415,1.158500221599662,1.1416953302711152,0.22806886956095695,0,0.0,0.9687715172767639,1.0148779531340415,1.158500221599662,1.1416953302711152,0.22806886956095695,0,0
0.0,0.0,0.9687715172767639,1.0118333192746394,1.158500221599662,1.1416953302711152,0.22806886956095695,0,0.0,0.9687715172767639,1.0118333192746394,1.158500221599662,1.1416953302711152,0.22806886956095695,0,0.0,0.9687715172767639,1.0118333192746394,1.158500221599662,1.1416953302711152,0.22806886956095695,0,0.0,0.9687715172767639,1.0148779531340415,1.158500221599662,1.1416953302711152,0.22806886956095695,0,0.0,0.9687715172767639,1.0148779531340415,1.158500221599662,1.1416953302711152,0.22806886956095695,0,0
0.0,0.0,0.9687715172767639,1.0087978193168154,1.158500221599662,1.1416953302711152,0.22806886956095695,0,0.0,0.9687715172767639,1.0118333192746394,1.158500221599662,1.1416953302711152,0.22806886956095695,0,0.0,0.9687715172767639,1.0118333192746394,1.158500221599662,1.1416953302711152,0.22806886956095695,0,0.0,0.9687715172767639,1.0148779531340415,1.158500221599662,1.1416953302711152,0.22806886956095695,0,0.0,0.9687715172767639,1.0148779531340415,1.158500221599662,1.1416953302711152,0.22806886956095695,0,0
0.0,0.0,0.9687715172767639,1.005771425858865,1.158500221599662,1.1416953302711152,0.22806886956095695,0,0.0,0.9687715172767639,1.0118333192746394,1.158500221599662,1.1416953302711152,0.22806886956095695,0,0.0,0.9687715172767639,1.0118333192746394,1.158500221599662,1.1416953302711152,0.22806886956095695,0,0.0,0.9687715172767639,1.0148779531340415,1.158500221599662,1.1416953302711152,0.22806886956095695,0,0.0,0.9687715172767639,1.0148779531340415,1.158500221599662,1.1416953302711152,0.22806886956095695,0,0
0.0,4.357501983642578,0.9687715172767639,1.0027541115812884,1.158500221599662,1.1416953302711152,0.22806886956095695,0,4.357501983642578,0.9687715172767639,1.0027541115812884,1.158500221599662,1.1416953302711152,0.22806886956095695,0,4.357501983642578,0.9687715172767639,1.0118333192746394,1.158500221599662,1.1416953302711152,0.22806886956095695,0,4.357501983642578,0.9687715172767639,1.0148779531340415,1.158500221599662,1.1416953302711152,0.22806886956095695,0,4.357501983642578,0.9687715172767639,1.0148779531340415,1.158500221599662,1.1416953302711152,0.22806886956095695,0,0
0.0,4.39841890335083,0.9687715172767639,0.9997458492465445,1.158500221599662,1.1416953302711152,0.22806886956095695,0,0.0,0.9687715172767639,1.0027541115812884,1.158500221599662,1.1416953302711152,0.22806886956095695,0,0.0,0.9687715172767639,1.0118333192746394,1.158500221599662,1.1416953302711152,0.22806886956095695,0,0.0,0.9687715172767639,1.0148779531340415,1.158500221599662,1.1416953302711152,0.22806886956095695,0,0.0,0.9687715172767639,1.0148779531340415,1.158500221599662,1.1416953302711152,0.22806886956095695,0,0
0.0,4.432574272155762,0.9687715172767639,0.9967466116988049,1.158500221599662,1.1416953302711152,0.22806886956095695,0,0.0,0.9687715172767639,1.0027541115812884,1.158500221599662,1.1416953302711152,0.22806886956095695,0,4.432574272155762,0.9687715172767639,0.9967466116988049,1.158500221599662,1.1416953302711152,0.22806886956095695,0,0.0,0.9687715172767639,1.0148779531340415,1.158500221599662,1.1416953302711152,0.22806886956095695,0,0.0,0.9687715172767639,1.0148779531340415,1.158500221599662,1.1416953302711152,0.22806886956095695,0,0
0.0,0.0,0.9687715172767639,0.9937563718637085,1.158500221599662,1.1416953302711152,0.22806886956095695,0,0.0,0.9687715172767639,0.9937563718637085,1.158500221599662,1.1416953302711152,0.22806886956095695,0,0.0,0.9687715172767639,0.9967466116988049,1.158500221599662,1.1416953302711152,0.22806886956095695,0,0.0,0.9687715172767639,0.9937563718637085,1.158500221599662,1.1416953302711152,0.22806886956095695,0,0.0,0.9687715172767639,1.0148779531340415,1.158500221599662,1.1416953302711152,0.22806886956095695,0,0
0.0,0.0,0.9687715172767639,0.9907751027481173,1.158500221599662,1.1416953302711152,0.22806886956095695,0,0.0,0.9687715172767639,0.9937563718637085,1.158500221599662,1.1416953302711152,0.22806886956095695,0,0.0,0.9687715172767639,0.9967466116988049,1.158500221599662,1.1416953302711152,0.22806886956095695,0,0.0,0.9687715172767639,0.9937563718637085,1.158500221599662,1.1416953302711152,0.22806886956095695,0,0.0,0.9687715172767639,1.0148779531340415,1.158500221599662,1.1416953302711152,0.22806886956095695,0,0
0.0,0.0,0.9687715172767639,0.987802777439873,1.158500221599662,1.1416953302711152,0.22806886956095695,0,0.0,0.9687715172767639,0.9937563718637085,1.158500221599662,1.1416953302711152,0.22806886956095695,0,2.6212332248687744,0.9687715172767639,0.9967466116988049,1.158500221599662,1.1416953302711152,0.22806886956095695,0,0.0,0.9687715172767639,0.9937563718637085,1.158500221599662,1.1416953302711152,0.22806886956095695,0,3.030427932739258,0.9687715172767639,1.0148779531340415,1.158500221599662,1.1416953302711152,0.22806886956095695,0,0
0.0,0.0,0.9687715172767639,0.9848393691075533,1.158500221599662,1.1416953302711152,0.22806886956095695,0,0.0,0.9687715172767639,0.9848393691075533,1.158500221599662,1.1416953302711152,0.22806886956095695,0,0.0,0.9687715172767639,0.9967466116988049,1.158500221599662,1.1416953302711152,0.22806886956095695,0,0.0,0.9687715172767639,0.9937563718637085,1.158500221599662,1.1416953302711152,0.22806886956095695,0,0.0,0.9687715172767639,1.0148779531340415,1.158500221599662,1.1416953302711152,0.22806886956095695,0,0
0.0,0.0,0.9687715172767639,0.9818848510002307,1.158500221599662,1.1416953302711152,0.22806886956095695,0,0.0,0.9687715172767639,0.9848393691075533,1.158500221599662,1.1416953302711152,0.22806886956095695,0,0.0,0.9687715172767639,0.9818848510002307,1.158500221599662,1.1416953302711152,0.22806886956095695,0,0.0,0.9687715172767639,0.9937563718637085,1.158500221599662,1.1416953302711152,0.22806886956095695,0,0.0,0.9687715172767639,1.0148779531340415,1.158500221599662,1.1416953302711152,0.22806886956095695,0,0
0.0,0.0,0.9687715172767639,0.97893919644723,1.158500221599662,1.1416953302711152,0.22806886956095695,0,0.0,0.9687715172767639,0.9848393691075533,1.158500221599662,1.1416953302711152,0.22806886956095695,0,0.0,0.9687715172767639,0.9818848510002307,1.158500221599662,1.1416953302711152,0.22806886956095695,0,0.0,0.9687715172767639,0.9937563718637085,1.158500221599662,1.1416953302711152,0.22806886956095695,0,0.0,0.9687715172767639,1.0148779531340415,1.158500221599662,1.1416953302711152,0.22806886956095695,0,0
0.0,0.0,0.9687715172767639,0.9760023788578883,1.158500221599662,1.1416953302711152,0.22806886956095695,0,0.0,0.9687715172767639,0.9760023788578883,1.158500221599662,1.1416953302711152,0.22806886956095695,0,0.0,0.9687715172767639,0.9818848510002307,1.158500221599662,1.1416953302711152,0.22806886956095695,0,0.0,0.9687715172767639,0.9937563718637085,1.158500221599662,1.1416953302711152,0.22806886956095695,0,0.0,0.9687715172767639,1.0148779531340415,1.158500221599662,1.1416953302711152,0.22806886956095695,0,0
0.0,0.0,0.96376933157444,0.9730743717213146,1.158500221599662,1.1416953302711152,1.835891604423523,0,0.0,0.96376933157444,0.9760023788578883,1.158500221599662,1.1416953302711152,1.835891604423523,0,0.0,0.96376933157444,0.9818848510002307,1.158500221599662,1.1416953302711152,1.835891604423523,0,0.0,0.96376933157444,0.9730743717213146,1.158500221599662,1.1416953302711152,1.835891604423523,0,0.0,0.96376933157444,0.9730743717213146,1.158500221599662,1.1416953302711152,1.835891604423523,0,0
0.0,0.0,0.96376933157444,0.9701551486061507,1.158500221599662,1.1416953302711152,1.835891604423523,0,0.0,0.96376933157444,0.9760023788578883,1.158500221599662,1.1416953302711152,1.835891604423523,0,0.0,0.96376933157444,0.9818848510002307,1.158500221599662,1.1416953302711152,1.835891604423523,0,0.0,0.96376933157444,0.9730743717213146,1.158500221599662,1.1416953302711152,1.835891604423523,0,0.0,0.96376933157444,0.9730743717213146,1.158500221599662,1.1416953302711152,1.835891604423523,0,0
0.0,0.0,0.96376933157444,0.9672446831603323,1.158500221599662,1.1416953302711152,1.835891604423523,0,0.0,0.96376933157444,0.9672446831603323,1.158500221599662,1.1416953302711152,1.835891604423523,0,0.0,0.96376933157444,0.9672446831603323,1.158500221599662,1.1416953302711152,1.835891604423523,0,0.0,0.96376933157444,0.9730743717213146,1.158500221599662,1.1416953302711152,1.835891604423523,0,0.0,0.96376933157444,0.9730743717213146,1.158500221599662,1.1416953302711152,1.835891604423523,0,0
0.0,0.0,0.96376933157444,0.9643429491108513,1.158500221599662,1.1416953302711152,1.835891604423523,0,0.0,0.96376933157444,0.9672446831603323,1.158500221599662,1.1416953302711152,1.835891604423523,0,0.0,0.96376933157444,0.9672446831603323,1.158500221599662,1.1416953302711152,1.835891604423523,0,0.0,0.96376933157444,0.9730743717213146,1.158500221599662,1.1416953302711152,1.835891604423523,0,0.0,0.96376933157444,0.9730743717213146,1.158500221599662,1.1416953302711152,1.835891604423523,0,0
0.0,0.0,0.96376933157444,0.9614499202635187,1.158500221599662,1.1416953302711152,1.835891604423523,0,0.0,0.96376933157444,0.9672446831603323,1.158500221599662,1.1416953302711152,1.835891604423523,0,0.0,0.96376933157444,0.9672446831603323,1.158500221599662,1.1416953302711152,1.835891604423523,0,0.0,0.96376933157444,0.9730743717213146,1.158500221599662,1.1416953302711152,1.835891604423523,0,0.0,0.96376933157444,0.9730743717213146,1.158500221599662,1.1416953302711152,1.835891604423523,0,0
0.0,0.0,0.96376933157444,0.9585655705027282,1.158500221599662,1.1416953302711152,1.835891604423523,0,0.0,0.96376933157444,0.9585655705027282,1.158500221599662,1.1416953302711152,1.835891604423523,0,0.0,0.96376933157444,0.9672446831603323,1.158500221599662,1.1416953302711152,1.835891604423523,0,0.0,0.96376933157444,0.9730743717213146,1.158500221599662,1.1416953302711152,1.835891604423523,0,0.0,0.96376933157444,0.9730743717213146,1.158500221599662,1.1416953302711152,1.835891604423523,0,0
0.0,0.0,0.96376933157444,0.95568987379122,1.158500221599662,1.1416953302711152,1.835891604423523,0,0.0,0.96376933157444,0.9585655705027282,1.158500221599662,1.1416953302711152,1.835891604423523,0,0.0,0.96376933157444,0.9672446831603323,1.158500221599662,1.1416953302711152,1.835891604423523,0,0.0,0.96376933157444,0.9730743717213146,1.158500221599662,1.1416953302711152,1.835891604423523,0,0.0,0.96376933157444,0.9730743717213146,1.158500221599662,1.1416953302711152,1.835891604423523,0,0
0.0,0.0,0.96376933157444,0.9528228041698463,1.158500221599662,1.1416953302711152,1.835891604423523,0,0.0,0.96376933157444,0.9585655705027282,1.158500221599662,1.1416953302711152,1.835891604423523,0,0.0,0.96376933157444,0.9528228041698463,1.158500221599662,1.1416953302711152,1.835891604423523,0,0.0,0.96376933157444,0.9528228041698463,1.158500221599662,1.1416953302711152,1.835891604423523,0,0.0,0.96376933157444,0.9730743717213146,1.158500221599662,1.1416953302711152,1.835891604423523,0,0
0.0,0.0,0.96376933157444,0.9499643357573367,1.158500221599662,1.1416953302711152,1.835891604423523,0,0.0,0.96376933157444,0.9499643357573367,1.158500221599662,1.1416953302711152,1.835891604423523,0,0.0,0.96376933157444,0.9528228041698463,1.158500221599662,1.1416953302711152,1.835891604423523,0,0.0,0.96376933157444,0.9528228041698463,1.158500221599662,1.1416953302711152,1.835891604423523,0,0.0,0.96376933157444,0.9730743717213146,1.158500221599662,1.1416953302711152,1.835891604423523,0,0
0.0,0.0,0.96376933157444,0.9471144427500647,1.158500221599662,1.1416953302711152,1.835891604423523,28,0.0,0.96376933157444,0.9499643357573367,1.158500221599662,1.1416953302711152,1.835891604423523,28,0.0,0.96376933157444,0.9528228041698463,1.158500221599662,1.1416953302711152,1.835891604423523,28,0.0,0.96376933157444,0.9528228041698463,1.158500221599662,1.1416953302711152,1.835891604423523,28,0.0,0.96376933157444,0.9730743717213146,1.158500221599662,1.1416953302711152,1.835891604423523,28,0
0.0,0.0,0.96376933157444,0.9442730994218146,1.158500221599662,1.1416953302711152,1.835891604423523,0,0.0,0.96376933157444,0.9499643357573367,1.158500221599662,1.1416953302711152,1.835891604423523,0,0.0,0.96376933157444,0.9528228041698463,1.158500221599662,1.1416953302711152,1.835891604423523,0,0.0,0.96376933157444,0.9528228041698463,1.158500221599662,1.1416953302711152,1.835891604423523,0,0.0,0.96376933157444,0.9730743717213146,1.158500221599662,1.1416953302711152,1.835891604423523,0,0
0.0,7.250572204589844,0.96376933157444,0.9414402801235492,1.158500221599662,1.1416953302711152,1.835891604423523,0,7.250572204589844,0.96376933157444,0.9414402801235492,1.158500221599662,1.1416953302711152,1.835891604423523,0,7.250572204589844,0.96376933157444,0.9528228041698463,1.158500221599662,1.1416953302711152,1.835891604423523,0,7.250572204589844,0.96376933157444,0.9528228041698463,1.158500221599662,1.1416953302711152,1.835891604423523,0,7.250572204589844,0.96376933157444,0.9730743717213146,1.158500221599662,1.1416953302711152,1.835891604423523,0,0
0.0,7.457583904266357,0.96376933157444,0.9386159592831785,1.158500221599662,1.1416953302711152,1.835891604423523,0,2.3852362632751465,0.96376933157444,0.9414402801235492,1.158500221599662,1.1416953302711152,1.835891604423523,0,7.457583904266357,0.96376933157444,0.9386159592831785,1.158500221599662,1.1416953302711152,1.835891604423523,0,2.3852362632751465,0.96376933157444,0.9528228041698463,1.158500221599662,1.1416953302711152,1.835891604423523,0,2.3852362632751465,0.96376933157444,0.9730743717213146,1.158500221599662,1.1416953302711152,1.835891604423523,0,0
0.0,0.0,0.96376933157444,0.935800111405329,1.158500221599662,1.1416953302711152,1.835891604423523,0,0.0,0.96376933157444,0.9414402801235492,1.158500221599662,1.1416953302711152,1.835891604423523,0,2.391690254211426,0.96376933157444,0.9386159592831785,1.158500221599662,1.1416953302711152,1.835891604423523,0,0.0,0.96376933157444,0.9528228041698463,1.158500221599662,1.1416953302711152,1.835891604423523,0,0.0,0.96376933157444,0.9730743717213146,1.158500221599662,1.1416953302711152,1.835891604423523,0,0
0.0,0.0,0.957353487610817,0.932992711071113,1.158500221599662,1.1416953302711152,8.837200105190277,0,0.0,0.957353487610817,0.932992711071113,1.158500221599662,1.1416953302711152,8.837200105190277,0,0.0,0.957353487610817,0.9386159592831785,1.158500221599662,1.1416953302711152,8.837200105190277,0,0.0,0.957353487610817,0.932992711071113,1.158500221599662,1.1416953302711152,8.837200105190277,0,0.0,0.957353487610817,0.932992711071113,1.158500221599662,1.1416953302711152,8.837200105190277,0,0
0.0,8.078619956970215,0.957353487610817,0.9301937329378996,1.158500221599662,1.1416953302711152,8.837200105190277,0,8.078619956970215,0.957353487610817,0.932992711071113,1.158500221599662,1.1416953302711152,8.837200105190277,0,0.0,0.957353487610817,0.9386159592831785,1.158500221599662,1.1416953302711152,8.837200105190277,0,8.078619956970215,0.957353487610817,0.932992711071113,1.158500221599662,1.1416953302711152,8.837200105190277,0,8.078619956970215,0.957353487610817,0.932992711071113,1.158500221599662,1.1416953302711152,8.837200105190277,0,0
0.0,8.285632133483887,0.957353487610817,0.9274031517390859,1.158500221599662,1.1416953302711152,8.837200105190277,0,0.0,0.957353487610817,0.932992711071113,1.158500221599662,1.1416953302711152,8.837200105190277,0,0.0,0.957353487610817,0.9386159592831785,1.158500221599662,1.1416953302711152,8.837200105190277,0,0.0,0.957353487610817,0.932992711071113,1.158500221599662,1.1416953302711152,8.837200105190277,0,0.0,0.957353487610817,0.932992711071113,1.158500221599662,1.1416953302711152,8.837200105190277,0,0
0.0,8.492643356323242,0.957353487610817,0.9246209422838687,1.158500221599662,1.1416953302711152,8.837200105190277,0,8.492643356323242,0.957353487610817,0.9246209422838687,1.158500221599662,1.1416953302711152,8.837200105190277,0,8.492643356323242,0.957353487610817,0.9246209422838687,1.158500221599662,1.1416953302711152,8.837200105190277,0,0.0,0.957353487610817,0.932992711071113,1.158500221599662,1.1416953302711152,8.837200105190277,0,0.0,0.957353487610817,0.932992711071113,1.158500221599662,1.1416953302711152,8.837200105190277,0,0
0.0,8.69965648651123,0.957353487610817,0.921847079457017,1.158500221599662,1.1416953302711152,8.837200105190277,0,0.0,0.957353487610817,0.9246209422838687,1.158500221599662,1.1416953302711152,8.837200105190277,0,0.0,0.957353487610817,0.9246209422838687,1.158500221599662,1.1416953302711152,8.837200105190277,0,0.0,0.957353487610817,0.932992711071113,1.158500221599662,1.1416953302711152,8.837200105190277,0,0.0,0.957353487610817,0.932992711071113,1.158500221599662,1.1416953302711152,8.837200105190277,0,0
0.0,8.906667709350586,0.957353487610817,0.919081538218646,1.158500221599662,1.1416953302711152,8.837200105190277,0,0.0,0.957353487610817,0.9246209422838687,1.158500221599662,1.1416953302711152,8.837200105190277,0,0.0,0.957353487610817,0.9246209422838687,1.158500221599662,1.1416953302711152,8.837200105190277,0,0.0,0.957353487610817,0.932992711071113,1.158500221599662,1.1416953302711152,8.837200105190277,0,0.0,0.957353487610817,0.932992711071113,1.158500221599662,1.1416953302711152,8.837200105190277,0,0
0.0,0.0,0.957353487610817,0.91632429360399,1.158500221599662,1.1416953302711152,8.837200105190277,0,0.0,0.957353487610817,0.91632429360399,1.158500221599662,1.1416953302711152,8.837200105190277,0,0.0,0.957353487610817,0.9246209422838687,1.158500221599662,1.1416953302711152,8.837200105190277,0,0.0,0.957353487610817,0.932992711071113,1.158500221599662,1.1416953302711152,8.837200105190277,0,0.0,0.957353487610817,0.932992711071113,1.158500221599662,1.1416953302711152,8.837200105190277,0,0
0.0,0.0,0.957353487610817,0.913575320723178,1.158500221599662,1.1416953302711152,8.837200105190277,0,0.0,0.957353487610817,0.91632429360399,1.158500221599662,1.1416953302711152,8.837200105190277,0,0.0,0.957353487610817,0.9246209422838687,1.158500221599662,1.1416953302711152,8.837200105190277,0,0.0,0.957353487610817,0.913575320723178,1.158500221599662,1.1416953302711152,8.837200105190277,0,0.0,0.957353487610817,0.932992711071113,1.158500221599662,1.1416953302711152,8.837200105190277,0,0
0.0,9.527704238891602,0.957353487610817,0.9108345947610085,1.158500221599662,1.1416953302711152,8.837200105190277,0,9.527704238891602,0.957353487610817,0.91632429360399,1.158500221599662,1.1416953302711152,8.837200105190277,0,9.527704238891602,0.957353487610817,0.9108345947610085,1.158500221599662,1.1416953302711152,8.837200105190277,0,9.527704238891602,0.957353487610817,0.913575320723178,1.158500221599662,1.1416953302711152,8.837200105190277,0,0.0,0.957353487610817,0.932992711071113,1.158500221599662,1.1416953302711152,8.837200105190277,0,0
32.0,9.734715461730957,0.957353487610817,0.9081020909767255,1.158500221599662,1.1416953302711152,8.837200105190277,0,9.734715461730957,0.957353487610817,0.9081020909767255,1.158500221599662,1.1416953302711152,8.837200105190277,0,0.0,0.957353487610817,0.9108345947610085,1.158500221599662,1.1416953302711152,8.837200105190277,0,0.0,0.957353487610817,0.913575320723178,1.158500221599662,1.1416953302711152,8.837200105190277,0,0.0,0.957353487610817,0.932992711071113,1.158500221599662,1.1416953302711152,8.837200105190277,0,0
0.0,0.0,0.957353487610817,1.0013777847037952,1.1323368231820334,1.117430427922822,8.837200105190277,0,0.0,0.957353487610817,0.9081020909767255,1.158500221599662,1.1416953302711152,8.837200105190277,0,0.0,0.957353487610817,0.9108345947610085,1.158500221599662,1.1416953302711152,8.837200105190277,0,0.0,0.957353487610817,0.913575320723178,1.158500221599662,1.1416953302711152,8.837200105190277,0,0.0,0.957353487610817,0.932992711071113,1.158500221599662,1.1416953302711152,8.837200105190277,0,0
0.0,0.0,0.957353487610817,0.9983736513496838,1.1323368231820334,1.117430427922822,8.837200105190277,0,0.0,0.957353487610817,0.9081020909767255,1.158500221599662,1.1416953302711152,8.837200105190277,0,0.0,0.957353487610817,0.9108345947610085,1.158500221599662,1.1416953302711152,8.837200105190277,0,0.0,0.957353487610817,0.913575320723178,1.158500221599662,1.1416953302711152,8.837200105190277,0,0.0,0.957353487610817,0.932992711071113,1.158500221599662,1.1416953302711152,8.837200105190277,0,0
0.0,0.0,0.957353487610817,0.9953785303956347,1.1323368231820334,1.117430427922822,8.837200105190277,24,0.0,0.957353487610817,0.9953785303956347,1.1323368231820334,1.117430427922822,8.837200105190277,24,0.0,0.957353487610817,0.9108345947610085,1.158500221599662,1.1416953302711152,8.837200105190277,24,0.0,0.957353487610817,0.913575320723178,1.158500221599662,1.1416953302711152,8.837200105190277,24,0.0,0.957353487610817,0.932992711071113,1.158500221599662,1.1416953302711152,8.837200105190277,24,0
0.0,0.0,0.957353487610817,0.9923923948044479,1.1323368231820334,1.117430427922822,8.837200105190277,0,0.0,0.957353487610817,0.9953785303956347,1.1323368231820334,1.117430427922822,8.837200105190277,0,0.0,0.957353487610817,0.9923923948044479,1.1323368231820334,1.117430427922822,8.837200105190277,0,0.0,0.957353487610817,0.913575320723178,1.158500221599662,1.1416953302711152,8.837200105190277,0,3.9686214923858643,0.957353487610817,0.932992711071113,1.158500221599662,1.1416953302711152,8.837200105190277,0,0
0.0,0.0,0.9790524244308472,0.9894152176200345,1.1323368231820334,1.117430427922822,0.8422874584794044,0,0.0,0.9790524244308472,0.9953785303956347,1.1323368231820334,1.117430427922822,0.8422874584794044,0,0.0,0.9790524244308472,0.9923923948044479,1.1323368231820334,1.117430427922822,0.8422874584794044,0,0.0,0.9790524244308472,0.9894152176200345,1.1323368231820334,1.117430427922822,0.8422874584794044,0,0.0,0.9790524244308472,0.9894152176200345,1.1323368231820334,1.117430427922822,0.8422874584794044,0,0
0.0,0.0,0.9790524244308472,0.9864469719671743,1.1323368231820334,1.117430427922822,0.8422874584794044,0,0.0,0.9790524244308472,0.9864469719671743,1.1323368231820334,1.117430427922822,0.8422874584794044,0,0.0,0.9790524244308472,0.9923923948044479,1.1323368231820334,1.117430427922822,0.8422874584794044,0,0.0,0.9790524244308472,0.9894152176200345,1.1323368231820334,1.117430427922822,0.8422874584794044,0,0.0,0.9790524244308472,0.9894152176200345,1.1323368231820334,1.117430427922822,0.8422874584794044,0,0
0.0,0.0,0.9790524244308472,0.9834876310512728,1.1323368231820334,1.117430427922822,0.8422874584794044,0,0.0,0.9790524244308472,0.9864469719671743,1.1323368231820334,1.117430427922822,0.8422874584794044,0,0.0,0.9790524244308472,0.9923923948044479,1.1323368231820334,1.117430427922822,0.8422874584794044,0,0.0,0.9790524244308472,0.9894152176200345,1.1323368231820334,1.117430427922822,0.8422874584794044,0,0.0,0.9790524244308472,0.9894152176200345,1.1323368231820334,1.117430427922822,0.8422874584794044,0,0
0.0,0.0,0.9790524244308472,0.980537168158119,1.1323368231820334,1.117430427922822,0.8422874584794044,0,0.0,0.9790524244308472,0.9864469719671743,1.1323368231820334,1.117430427922822,0.8422874584794044,0,0.0,0.9790524244308472,0.9923923948044479,1.1323368231820334,1.117430427922822,0.8422874584794044,0,0.0,0.9790524244308472,0.9894152176200345,1.1323368231820334,1.117430427922822,0.8422874584794044,0,0.0,0.9790524244308472,0.9894152176200345,1.1323368231820334,1.117430427922822,0.8422874584794044,0,0
0.0,0.0,0.9790524244308472,0.9775955566536446,1.1323368231820334,1.117430427922822,0.8422874584794044,0,0.0,0.9790524244308472,0.9775955566536446,1.1323368231820334,1.117430427922822,0.8422874584794044,0,0.0,0.9790524244308472,0.9775955566536446,1.1323368231820334,1.117430427922822,0.8422874584794044,0,0.0,0.9790524244308472,0.9894152176200345,1.1323368231820334,1.117430427922822,0.8422874584794044,0,0.0,0.9790524244308472,0.9894152176200345,1.1323368231820334,1.117430427922822,0.8422874584794044,0,0
0.0,0.0,0.9790524244308472,0.9746627699836837,1.1323368231820334,1.117430427922822,0.8422874584794044,0,0.0,0.9790524244308472,0.9775955566536446,1.1323368231820334,1.117430427922822,0.8422874584794044,0,0.0,0.9790524244308472,0.9775955566536446,1.1323368231820334,1.117430427922822,0.8422874584794044,0,0.0,0.9790524244308472,0.9894152176200345,1.1323368231820334,1.117430427922822,0.8422874584794044,0,0.0,0.9790524244308472,0.9894152176200345,1.1323368231820334,1.117430427922822,0.8422874584794044,0,0
0.0,0.0,0.9790524244308472,0.9717387816737326,1.1323368231820334,1.117430427922822,0.8422874584794044,0,0.0,0.9790524244308472,0.9775955566536446,1.1323368231820334,1.117430427922822,0.8422874584794044,0,0.0,0.9790524244308472,0.9775955566536446,1.1323368231820334,1.117430427922822,0.8422874584794044,0,0.0,0.9790524244308472,0.9894152176200345,1.1323368231820334,1.117430427922822,0.8422874584794044,0,0.0,0.9790524244308472,0.9894152176200345,1.1323368231820334,1.117430427922822,0.8422874584794044,0,0
0.0,0.0,0.9790524244308472,0.9688235653287114,1.1323368231820334,1.117430427922822,0.8422874584794044,0,0.0,0.9790524244308472,0.9688235653287114,1.1323368231820334,1.117430427922822,0.8422874584794044,0,0.0,0.9790524244308472,0.9775955566536446,1.1323368231820334,1.117430427922822,0.8422874584794044,0,0.0,0.9790524244308472,0.9688235653287114,1.1323368231820334,1.117430427922822,0.8422874584794044,0,0.0,0.9790524244308472,0.9894152176200345,1.1323368231820334,1.117430427922822,0.8422874584794044,0,0
0.0,0.0,0.9790524244308472,0.9659170946327252,1.1323368231820334,1.117430427922822,0.8422874584794044,0,0.0,0.9790524244308472,0.9688235653287114,1.1323368231820334,1.117430427922822,0.8422874584794044,0,0.0,0.9790524244308472,0.9775955566536446,1.1323368231820334,1.117430427922822,0.8422874584794044,0,0.0,0.9790524244308472,0.9688235653287114,1.1323368231820334,1.117430427922822,0.8422874584794044,0,0.0,0.9790524244308472,0.9894152176200345,1.1323368231820334,1.117430427922822,0.8422874584794044,0,0
0.0,0.0,0.9790524244308472,0.9630193433488271,1.1323368231820334,1.117430427922822,0.8422874584794044,0,0.0,0.9790524244308472,0.9688235653287114,1.1323368231820334,1.117430427922822,0.8422874584794044,0,0.0,0.9790524244308472,0.9630193433488271,1.1323368231820334,1.117430427922822,0.8422874584794044,0,0.0,0.9790524244308472,0.9688235653287114,1.1323368231820334,1.117430427922822,0.8422874584794044,0,0.0,0.9790524244308472,0.9894152176200345,1.1323368231820334,1.117430427922822,0.8422874584794044,0,0
0.0,0.0,0.9790524244308472,0.9601302853187806,1.1323368231820334,1.117430427922822,0.8422874584794044,0,0.0,0.9790524244308472,0.9601302853187806,1.1323368231820334,1.117430427922822,0.8422874584794044,0,0.0,0.9790524244308472,0.9630193433488271,1.1323368231820334,1.117430427922822,0.8422874584794044,0,0.0,0.9790524244308472,0.9688235653287114,1.1323368231820334,1.117430427922822,0.8422874584794044,0,0.0,0.9790524244308472,0.9894152176200345,1.1323368231820334,1.117430427922822,0.8422874584794044,0,0
0.0,0.0,0.9790524244308472,0.9572498944628243,1.1323368231820334,1.117430427922822,0.8422874584794044,0,0.0,0.9790524244308472,0.9601302853187806,1.1323368231820334,1.117430427922822,0.8422874584794044,0,0.0,0.9790524244308472,0.9630193433488271,1.1323368231820334,1.117430427922822,0.8422874584794044,0,0.0,0.9790524244308472,0.9688235653287114,1.1323368231820334,1.117430427922822,0.8422874584794044,0,0.0,0.9790524244308472,0.9894152176200345,1.1323368231820334,1.117430427922822,0.8422874584794044,0,0
0.0,0.0,0.9790524244308472,0.9543781447794358,1.1323368231820334,1.117430427922822,0.8422874584794044,0,0.0,0.9790524244308472,0.9601302853187806,1.1323368231820334,1.117430427922822,0.8422874584794044,0,0.0,0.9790524244308472,0.9630193433488271,1.1323368231820334,1.117430427922822,0.8422874584794044,0,0.0,0.9790524244308472,0.9688235653287114,1.1323368231820334,1.117430427922822,0.8422874584794044,0,0.0,0.9790524244308472,0.9894152176200345,1.1323368231820334,1.117430427922822,0.8422874584794044,0,0
0.0,0.0,0.9790524244308472,0.9515150103450976,1.1323368231820334,1.117430427922822,0.8422874584794044,0,0.0,0.9790524244308472,0.9515150103450976,1.1323368231820334,1.117430427922822,0.8422874584794044,0,0.0,0.9790524244308472,0.9630193433488271,1.1323368231820334,1.117430427922822,0.8422874584794044,0,0.0,0.9790524244308472,0.9688235653287114,1.1323368231820334,1.117430427922822,0.8422874584794044,0,0.0,0.9790524244308472,0.9894152176200345,1.1323368231820334,1.117430427922822,0.8422874584794044,0,0
0.0,0.0,0.9725376069545746,0.9486604653140622,1.1323368231820334,1.117430427922822,1.6060453355312347,0,0.0,0.9725376069545746,0.9515150103450976,1.1323368231820334,1.117430427922822,1.6060453355312347,0,0.0,0.9725376069545746,0.9486604653140622,1.1323368231820334,1.117430427922822,1.6060453355312347,0,0.0,0.9725376069545746,0.9486604653140622,1.1323368231820334,1.117430427922822,1.6060453355312347,0,0.0,0.9725376069545746,0.9486604653140622,1.1323368231820334,1.117430427922822,1.6060453355312347,0,0
0.0,0.0,0.9725376069545746,0.9458144839181201,1.1323368231820334,1.117430427922822,1.6060453355312347,0,0.0,0.9725376069545746,0.9515150103450976,1.1323368231820334,1.117430427922822,1.6060453355312347,0,0.0,0.9725376069545746,0.9486604653140622,1.1323368231820334,1.117430427922822,1.6060453355312347,0,0.0,0.9725376069545746,0.9486604653140622,1.1323368231820334,1.117430427922822,1.6060453355312347,0,0.0,0.9725376069545746,0.9486604653140622,1.1323368231820334,1.117430427922822,1.6060453355312347,0,0
0.0,0.0,0.9725376069545746,0.9429770404663657,1.1323368231820334,1.117430427922822,1.6060453355312347,0,0.0,0.9725376069545746,0.9429770404663657,1.1323368231820334,1.117430427922822,1.6060453355312347,0,0.0,0.9725376069545746,0.9486604653140622,1.1323368231820334,1.117430427922822,1.6060453355312347,0,0.0,0.9725376069545746,0.9486604653140622,1.1323368231820334,1.117430427922822,1.6060453355312347,0,0.0,0.9725376069545746,0.9486604653140622,1.1323368231820334,1.117430427922822,1.6060453355312347,0,0
0.0,0.0,0.9725376069545746,0.9401481093449665,1.1323368231820334,1.117430427922822,1.6060453355312347,0,0.0,0.9725376069545746,0.9429770404663657,1.1323368231820334,1.117430427922822,1.6060453355312347,0,0.0,0.9725376069545746,0.9486604653140622,1.1323368231820334,1.117430427922822,1.6060453355312347,0,0.0,0.9725376069545746,0.9486604653140622,1.1323368231820334,1.117430427922822,1.6060453355312347,0,0.0,0.9725376069545746,0.9486604653140622,1.1323368231820334,1.117430427922822,1.6060453355312347,0,0
0.0,4.648845195770264,0.9725376069545746,0.9373276650169317,1.1323368231820334,1.117430427922822,1.6060453355312347,0,4.648845195770264,0.9725376069545746,0.9429770404663657,1.1323368231820334,1.117430427922822,1.6060453355312347,0,4.648845195770264,0.9725376069545746,0.9486604653140622,1.1323368231820334,1.117430427922822,1.6060453355312347,0,4.648845195770264,0.9725376069545746,0.9486604653140622,1.1323368231820334,1.117430427922822,1.6060453355312347,0,4.648845195770264,0.9725376069545746,0.9486604653140622,1.1323368231820334,1.117430427922822,1.6060453355312347,0,0
24.0,4.749948024749756,0.9725376069545746,0.9345156820218808,1.1323368231820334,1.117430427922822,1.6060453355312347,0,4.749948024749756,0.9725376069545746,0.9345156820218808,1.1323368231820334,1.117430427922822,1.6060453355312347,0,4.749948024749756,0.9725376069545746,0.9345156820218808,1.1323368231820334,1.117430427922822,1.6060453355312347,0,2.3041224479675293,0.9725376069545746,0.9486604653140622,1.1323368231820334,1.117430427922822,1.6060453355312347,0,2.3041224479675293,0.9725376069545746,0.9486604653140622,1.1323368231820334,1.117430427922822,1.6060453355312347,0,0
0.0,0.0,0.9725376069545746,1.0037121349758151,1.1295255005584344,1.1149096325047316,1.6060453355312347,0,2.307274580001831,0.9725376069545746,0.9345156820218808,1.1323368231820334,1.117430427922822,1.6060453355312347,0,2.307274580001831,0.9725376069545746,0.9345156820218808,1.1323368231820334,1.117430427922822,1.6060453355312347,0,0.0,0.9725376069545746,0.9486604653140622,1.1323368231820334,1.117430427922822,1.6060453355312347,0,0.0,0.9725376069545746,0.9486604653140622,1.1323368231820334,1.117430427922822,1.6060453355312347,0,0
0.0,3.063516139984131,0.9725376069545746,1.0007009985708877,1.1295255005584344,1.1149096325047316,1.6060453355312347,0,0.0,0.9725376069545746,0.9345156820218808,1.1323368231820334,1.117430427922822,1.6060453355312347,0,0.0,0.9725376069545746,0.9345156820218808,1.1323368231820334,1.117430427922822,1.6060453355312347,0,3.063516139984131,0.9725376069545746,1.0007009985708877,1.1295255005584344,1.1149096325047316,1.6060453355312347,0,0.0,0.9725376069545746,0.9486604653140622,1.1323368231820334,1.117430427922822,1.6060453355312347,0,0
0.0,0.0,0.9725376069545746,0.997698895575175,1.1295255005584344,1.1149096325047316,1.6060453355312347,0,0.0,0.9725376069545746,0.997698895575175,1.1295255005584344,1.1149096325047316,1.6060453355312347,0,0.0,0.9725376069545746,0.9345156820218808,1.1323368231820334,1.117430427922822,1.6060453355312347,0,0.0,0.9725376069545746,1.0007009985708877,1.1295255005584344,1.1149096325047316,1.6060453355312347,0,0.0,0.9725376069545746,0.9486604653140622,1.1323368231820334,1.117430427922822,1.6060453355312347,0,0
0.0,0.0,0.9725376069545746,0.9947057988884495,1.1295255005584344,1.1149096325047316,1.6060453355312347,0,0.0,0.9725376069545746,0.997698895575175,1.1295255005584344,1.1149096325047316,1.6060453355312347,0,0.0,0.9725376069545746,0.9345156820218808,1.1323368231820334,1.117430427922822,1.6060453355312347,0,0.0,0.9725376069545746,1.0007009985708877,1.1295255005584344,1.1149096325047316,1.6060453355312347,0,0.0,0.9725376069545746,0.9486604653140622,1.1323368231820334,1.117430427922822,1.6060453355312347,0,0
0.0,0.0,0.9725376069545746,0.9917216814917841,1.1295255005584344,1.1149096325047316,1.6060453355312347,0,0.0,0.9725376069545746,0.997698895575175,1.1295255005584344,1.1149096325047316,1.6060453355312347,0,0.0,0.9725376069545746,0.9917216814917841,1.1295255005584344,1.1149096325047316,1.6060453355312347,0,0.0,0.9725376069545746,1.0007009985708877,1.1295255005584344,1.1149096325047316,1.6060453355312347,0,0.0,0.9725376069545746,0.9486604653140622,1.1323368231820334,1.117430427922822,1.6060453355312347,0,0
0.0,0.0,0.9725376069545746,0.9887465164473087,1.1295255005584344,1.1149096325047316,1.6060453355312347,0,0.0,0.9725376069545746,0.9887465164473087,1.1295255005584344,1.1149096325047316,1.6060453355312347,0,0.0,0.9725376069545746,0.9917216814917841,1.1295255005584344,1.1149096325047316,1.6060453355312347,0,0.0,0.9725376069545746,1.0007009985708877,1.1295255005584344,1.1149096325047316,1.6060453355312347,0,0.0,0.9725376069545746,0.9486604653140622,1.1323368231820334,1.117430427922822,1.6060453355312347,0,0
0.0,0.0,0.9725376069545746,0.9857802768979668,1.1295255005584344,1.1149096325047316,1.6060453355312347,0,0.0,0.9725376069545746,0.9887465164473087,1.1295255005584344,1.1149096325047316,1.6060453355312347,0,0.0,0.9725376069545746,0.9917216814917841,1.1295255005584344,1.1149096325047316,1.6060453355312347,0,0.0,0.9725376069545746,1.0007009985708877,1.1295255005584344,1.1149096325047316,1.6060453355312347,0,0.0,0.9725376069545746,0.9486604653140622,1.1323368231820334,1.117430427922822,1.6060453355312347,0,0
0.0,0.0,0.9725376069545746,0.9828229360672729,1.1295255005584344,1.1149096325047316,1.6060453355312347,0,0.0,0.9725376069545746,0.9887465164473087,1.1295255005584344,1.1149096325047316,1.6060453355312347,0,0.0,0.9725376069545746,0.9917216814917841,1.1295255005584344,1.1149096325047316,1.6060453355312347,0,0.0,0.9725376069545746,1.0007009985708877,1.1295255005584344,1.1149096325047316,1.6060453355312347,0,0.0,0.9725376069545746,0.9486604653140622,1.1323368231820334,1.117430427922822,1.6060453355312347,0,0
0.0,0.0,0.9656508341431618,0.979874467259071,1.1295255005584344,1.1149096325047316,0.1450197994709015,0,0.0,0.9656508341431618,0.979874467259071,1.1295255005584344,1.1149096325047316,0.1450197994709015,0,0.0,0.9656508341431618,0.9917216814917841,1.1295255005584344,1.1149096325047316,0.1450197994709015,0,0.0,0.9656508341431618,0.979874467259071,1.1295255005584344,1.1149096325047316,0.1450197994709015,0,0.0,0.9656508341431618,0.979874467259071,1.1295255005584344,1.1149096325047316,0.1450197994709015,0,0
0.0,0.0,0.9656508341431618,0.9769348438572938,1.1295255005584344,1.1149096325047316,0.1450197994709015,0,0.0,0.9656508341431618,0.979874467259071,1.1295255005584344,1.1149096325047316,0.1450197994709015,0,0.0,0.9656508341431618,0.9769348438572938,1.1295255005584344,1.1149096325047316,0.1450197994709015,0,0.0,0.9656508341431618,0.979874467259071,1.1295255005584344,1.1149096325047316,0.1450197994709015,0,0.0,0.9656508341431618,0.979874467259071,1.1295255005584344,1.1149096325047316,0.1450197994709015,0,0
0.0,0.0,0.9656508341431618,0.9740040393257219,1.1295255005584344,1.1149096325047316,0.1450197994709015,0,0.0,0.9656508341431618,0.979874467259071,1.1295255005584344,1.1149096325047316,0.1450197994709015,0,0.0,0.9656508341431618,0.9769348438572938,1.1295255005584344,1.1149096325047316,0.1450197994709015,0,0.0,0.9656508341431618,0.979874467259071,1.1295255005584344,1.1149096325047316,0.1450197994709015,0,0.0,0.9656508341431618,0.979874467259071,1.1295255005584344,1.1149096325047316,0.1450197994709015,0,0
0.0,0.0,0.9656508341431618,0.9710820272077447,1.1295255005584344,1.1149096325047316,0.1450197994709015,0,0.0,0.9656508341431618,0.9710820272077447,1.1295255005584344,1.1149096325047316,0.1450197994709015,0,0.0,0.9656508341431618,0.9769348438572938,1.1295255005584344,1.1149096325047316,0.1450197994709015,0,0.0,0.9656508341431618,0.979874467259071,1.1295255005584344,1.1149096325047316,0.1450197994709015,0,0.0,0.9656508341431618,0.979874467259071,1.1295255005584344,1.1149096325047316,0.1450197994709015,0,0
0.0,0.0,0.9656508341431618,0.9681687811261215,1.1295255005584344,1.1149096325047316,0.1450197994709015,0,0.0,0.9656508341431618,0.9710820272077447,1.1295255005584344,1.1149096325047316,0.1450197994709015,0,0.0,0.9656508341431618,0.9769348438572938,1.1295255005584344,1.1149096325047316,0.1450197994709015,0,0.0,0.9656508341431618,0.979874467259071,1.1295255005584344,1.1149096325047316,0.1450197994709015,0,0.0,0.9656508341431618,0.979874467259071,1.1295255005584344,1.1149096325047316,0.1450197994709015,0,0
0.0,0.0,0.9656508341431618,0.9652642747827431,1.1295255005584344,1.1149096325047316,0.1450197994709015,0,0.0,0.9656508341431618,0.9710820272077447,1.1295255005584344,1.1149096325047316,0.1450197994709015,0,0.0,0.9656508341431618,0.9769348438572938,1.1295255005584344,1.1149096325047316,0.1450197994709015,0,0.0,0.9656508341431618,0.979874467259071,1.1295255005584344,1.1149096325047316,0.1450197994709015,0,0.0,0.9656508341431618,0.979874467259071,1.1295255005584344,1.1149096325047316,0.1450197994709015,0,0
0.0,0.0,0.9656508341431618,0.9623684819583949,1.1295255005584344,1.1149096325047316,0.1450197994709015,0,0.0,0.9656508341431618,0.9623684819583949,1.1295255005584344,1.1149096325047316,0.1450197994709015,0,0.0,0.9656508341431618,0.9623684819583949,1.1295255005584344,1.1149096325047316,0.1450197994709015,0,0.0,0.9656508341431618,0.979874467259071,1.1295255005584344,1.1149096325047316,0.1450197994709015,0,0.0,0.9656508341431618,0.979874467259071,1.1295255005584344,1.1149096325047316,0.1450197994709015,0,0
0.0,0.0,0.9656508341431618,0.9594813765125196,1.1295255005584344,1.1149096325047316,0.1450197994709015,0,0.0,0.9656508341431618,0.9623684819583949,1.1295255005584344,1.1149096325047316,0.1450197994709015,0,0.0,0.9656508341431618,0.9623684819583949,1.1295255005584344,1.1149096325047316,0.1450197994709015,0,0.0,0.9656508341431618,0.9594813765125196,1.1295255005584344,1.1149096325047316,0.1450197994709015,0,0.0,0.9656508341431618,0.979874467259071,1.1295255005584344,1.1149096325047316,0.1450197994709015,0,0
0.0,0.0,0.9656508341431618,0.9566029323829821,1.1295255005584344,1.1149096325047316,0.1450197994709015,0,0.0,0.9656508341431618,0.9623684819583949,1.1295255005584344,1.1149096325047316,0.1450197994709015,0,0.0,0.9656508341431618,0.9623684819583949,1.1295255005584344,1.1149096325047316,0.1450197994709015,0,0.0,0.9656508341431618,0.9594813765125196,1.1295255005584344,1.1149096325047316,0.1450197994709015,0,0.0,0.9656508341431618,0.979874467259071,1.1295255005584344,1.1149096325047316,0.1450197994709015,0,0
0.0,0.0,0.9656508341431618,0.9537331235858332,1.1295255005584344,1.1149096325047316,0.1450197994709015,0,0.0,0.9656508341431618,0.9537331235858332,1.1295255005584344,1.1149096325047316,0.1450197994709015,0,0.0,0.9656508341431618,0.9623684819583949,1.1295255005584344,1.1149096325047316,0.1450197994709015,0,0.0,0.9656508341431618,0.9594813765125196,1.1295255005584344,1.1149096325047316,0.1450197994709015,0,0.0,0.9656508341431618,0.979874467259071,1.1295255005584344,1.1149096325047316,0.1450197994709015,0,0
0.0,0.0,0.9656508341431618,0.9508719242150757,1.1295255005584344,1.1149096325047316,0.1450197994709015,0,0.0,0.9656508341431618,0.9537331235858332,1.1295255005584344,1.1149096325047316,0.1450197994709015,0,0.0,0.9656508341431618,0.9623684819583949,1.1295255005584344,1.1149096325047316,0.1450197994709015,0,0.0,0.9656508341431618,0.9594813765125196,1.1295255005584344,1.1149096325047316,0.1450197994709015,0,0.0,0.9656508341431618,0.979874467259071,1.1295255005584344,1.1149096325047316,0.1450197994709015,0,0
0.0,4.357501983642578,0.9656508341431618,0.9480193084424304,1.1295255005584344,1.1149096325047316,0.1450197994709015,0,4.357501983642578,0.9656508341431618,0.9537331235858332,1.1295255005584344,1.1149096325047316,0.1450197994709015,0,4.357501983642578,0.9656508341431618,0.9480193084424304,1.1295255005584344,1.1149096325047316,0.1450197994709015,0,4.357501983642578,0.9656508341431618,0.9594813765125196,1.1295255005584344,1.1149096325047316,0.1450197994709015,0,4.357501983642578,0.9656508341431618,0.979874467259071,1.1295255005584344,1.1149096325047316,0.1450197994709015,0,0
0.0,0.0,0.9656508341431618,0.9451752505171032,1.1295255005584344,1.1149096325047316,0.1450197994709015,0,0.0,0.9656508341431618,0.9451752505171032,1.1295255005584344,1.1149096325047316,0.1450197994709015,0,2.295039415359497,0.9656508341431618,0.9480193084424304,1.1295255005584344,1.1149096325047316,0.1450197994709015,0,2.295039415359497,0.9656508341431618,0.9594813765125196,1.1295255005584344,1.1149096325047316,0.1450197994709015,0,2.295039415359497,0.9656508341431618,0.979874467259071,1.1295255005584344,1.1149096325047316,0.1450197994709015,0,0
0.0,0.0,0.9656508341431618,0.9423397247655518,1.1295255005584344,1.1149096325047316,0.1450197994709015,0,0.0,0.9656508341431618,0.9451752505171032,1.1295255005584344,1.1149096325047316,0.1450197994709015,0,0.0,0.9656508341431618,0.9480193084424304,1.1295255005584344,1.1149096325047316,0.1450197994709015,0,0.0,0.9656508341431618,0.9594813765125196,1.1295255005584344,1.1149096325047316,0.1450197994709015,0,0.0,0.9656508341431618,0.979874467259071,1.1295255005584344,1.1149096325047316,0.1450197994709015,0,0
0.0,0.0,0.9592231214046478,0.9395127055912552,1.1295255005584344,1.1149096325047316,0.5590024329721928,0,0.0,0.9592231214046478,0.9451752505171032,1.1295255005584344,1.1149096325047316,0.5590024329721928,0,0.0,0.9592231214046478,0.9480193084424304,1.1295255005584344,1.1149096325047316,0.5590024329721928,0,0.0,0.9592231214046478,0.9395127055912552,1.1295255005584344,1.1149096325047316,0.5590024329721928,0,0.0,0.9592231214046478,0.9395127055912552,1.1295255005584344,1.1149096325047316,0.5590024329721928,0,0
0.0,0.0,0.9592231214046478,0.9366941674744814,1.1295255005584344,1.1149096325047316,0.5590024329721928,0,0.0,0.9592231214046478,0.9366941674744814,1.1295255005584344,1.1149096325047316,0.5590024329721928,0,0.0,0.9592231214046478,0.9480193084424304,1.1295255005584344,1.1149096325047316,0.5590024329721928,0,0.0,0.9592231214046478,0.9395127055912552,1.1295255005584344,1.1149096325047316,0.5590024329721928,0,0.0,0.9592231214046478,0.9395127055912552,1.1295255005584344,1.1149096325047316,0.5590024329721928,0,0
0.0,0.0,0.9592231214046478,0.933884084972058,1.1295255005584344,1.1149096325047316,0.5590024329721928,0,0.0,0.9592231214046478,0.9366941674744814,1.1295255005584344,1.1149096325047316,0.5590024329721928,0,0.0,0.9592231214046478,0.933884084972058,1.1295255005584344,1.1149096325047316,0.5590024329721928,0,0.0,0.9592231214046478,0.9395127055912552,1.1295255005584344,1.1149096325047316,0.5590024329721928,0,0.0,0.9592231214046478,0.9395127055912552,1.1295255005584344,1.1149096325047316,0.5590024329721928,0,0
0.0,0.0,0.9592231214046478,0.9310824327171419,1.1295255005584344,1.1149096325047316,0.5590024329721928,0,0.0,0.9592231214046478,0.9366941674744814,1.1295255005584344,1.1149096325047316,0.5590024329721928,0,0.0,0.9592231214046478,0.933884084972058,1.1295255005584344,1.1149096325047316,0.5590024329721928,0,0.0,0.9592231214046478,0.9395127055912552,1.1295255005584344,1.1149096325047316,0.5590024329721928,0,0.0,0.9592231214046478,0.9395127055912552,1.1295255005584344,1.1149096325047316,0.5590024329721928,0,0
0.0,4.600800514221191,0.9592231214046478,0.9282891854189904,1.1295255005584344,1.1149096325047316,0.5590024329721928,0,4.600800514221191,0.9592231214046478,0.9282891854189904,1.1295255005584344,1.1149096325047316,0.5590024329721928,0,4.600800514221191,0.9592231214046478,0.933884084972058,1.1295255005584344,1.1149096325047316,0.5590024329721928,0,4.600800514221191,0.9592231214046478,0.9395127055912552,1.1295255005584344,1.1149096325047316,0.5590024329721928,0,4.600800514221191,0.9592231214046478,0.9395127055912552,1.1295255005584344,1.1149096325047316,0.5590024329721928,0,0
0.0,0.0,0.9592231214046478,0.9255043178627335,1.1295255005584344,1.1149096325047316,0.5590024329721928,0,2.302624464035034,0.9592231214046478,0.9282891854189904,1.1295255005584344,1.1149096325047316,0.5590024329721928,0,2.302624464035034,0.9592231214046478,0.933884084972058,1.1295255005584344,1.1149096325047316,0.5590024329721928,0,2.302624464035034,0.9592231214046478,0.9395127055912552,1.1295255005584344,1.1149096325047316,0.5590024329721928,0,2.302624464035034,0.9592231214046478,0.9395127055912552,1.1295255005584344,1.1149096325047316,0.5590024329721928,0,0
0.0,0.0,0.9592231214046478,0.9227278049091453,1.1295255005584344,1.1149096325047316,0.5590024329721928,0,0.0,0.9592231214046478,0.9282891854189904,1.1295255005584344,1.1149096325047316,0.5590024329721928,0,0.0,0.9592231214046478,0.933884084972058,1.1295255005584344,1.1149096325047316,0.5590024329721928,0,0.0,0.9592231214046478,0.9395127055912552,1.1295255005584344,1.1149096325047316,0.5590024329721928,0,0.0,0.9592231214046478,0.9395127055912552,1.1295255005584344,1.1149096325047316,0.5590024329721928,0,0
0.0,0.0,0.9592231214046478,0.9199596214944179,1.1295255005584344,1.1149096325047316,0.5590024329721928,0,0.0,0.9592231214046478,0.9199596214944179,1.1295255005584344,1.1149096325047316,0.5590024329721928,0,0.0,0.9592231214046478,0.9199596214944179,1.1295255005584344,1.1149096325047316,0.5590024329721928,0,0.0,0.9592231214046478,0.9199596214944179,1.1295255005584344,1.1149096325047316,0.5590024329721928,0,0.0,0.9592231214046478,0.9395127055912552,1.1295255005584344,1.1149096325047316,0.5590024329721928,0,0
32.0,5.143753528594971,0.9592231214046478,0.9171997426299346,1.1295255005584344,1.1149096325047316,0.5590024329721928,0,5.143753528594971,0.9592231214046478,0.9199596214944179,1.1295255005584344,1.1149096325047316,0.5590024329721928,0,5.143753528594971,0.9592231214046478,0.9199596214944179,1.1295255005584344,1.1149096325047316,0.5590024329721928,0,5.143753528594971,0.9592231214046478,0.9199596214944179,1.1295255005584344,1.1149096325047316,0.5590024329721928,0,0.0,0.9592231214046478,0.9395127055912552,1.1295255005584344,1.1149096325047316,0.5590024329721928,0,0
0.0,0.0,0.9592231214046478,1.010448143402045,1.1268866920394662,1.1164137947811656,0.5590024329721928,32,0.0,0.9592231214046478,0.9199596214944179,1.1295255005584344,1.1149096325047316,0.5590024329721928,32,0.0,0.9592231214046478,0.9199596214944179,1.1295255005584344,1.1149096325047316,0.5590024329721928,32,0.0,0.9592231214046478,0.9199596214944179,1.1295255005584344,1.1149096325047316,0.5590024329721928,32,0.0,0.9592231214046478,0.9395127055912552,1.1295255005584344,1.1149096325047316,0.5590024329721928,32,0
0.0,0.0,0.9592231214046478,1.0074167989718388,1.1268866920394662,1.1164137947811656,0.5590024329721928,0,0.0,0.9592231214046478,1.0074167989718388,1.1268866920394662,1.1164137947811656,0.5590024329721928,0,0.0,0.9592231214046478,0.9199596214944179,1.1295255005584344,1.1149096325047316,0.5590024329721928,0,0.0,0.9592231214046478,0.9199596214944179,1.1295255005584344,1.1149096325047316,0.5590024329721928,0,0.0,0.9592231214046478,0.9395127055912552,1.1295255005584344,1.1149096325047316,0.5590024329721928,0,0
0.0,0.0,0.9592231214046478,1.0043945485749233,1.1268866920394662,1.1164137947811656,0.5590024329721928,0,0.0,0.9592231214046478,1.0074167989718388,1.1268866920394662,1.1164137947811656,0.5590024329721928,0,2.639845848083496,0.9592231214046478,0.9199596214944179,1.1295255005584344,1.1149096325047316,0.5590024329721928,0,2.639845848083496,0.9592231214046478,0.9199596214944179,1.1295255005584344,1.1149096325047316,0.5590024329721928,0,0.0,0.9592231214046478,0.9395127055912552,1.1295255005584344,1.1149096325047316,0.5590024329721928,0,0
0.0,0.0,0.9592231214046478,1.0013813649291985,1.1268866920394662,1.1164137947811656,0.5590024329721928,0,0.0,0.9592231214046478,1.0074167989718388,1.1268866920394662,1.1164137947811656,0.5590024329721928,0,0.0,0.9592231214046478,1.0013813649291985,1.1268866920394662,1.1164137947811656,0.5590024329721928,0,0.0,0.9592231214046478,0.9199596214944179,1.1295255005584344,1.1149096325047316,0.5590024329721928,0,0.0,0.9592231214046478,0.9395127055912552,1.1295255005584344,1.1149096325047316,0.5590024329721928,0,0
0.0,0.0,0.9592231214046478,0.9983772208344109,1.1268866920394662,1.1164137947811656,0.5590024329721928,0,0.0,0.9592231214046478,0.9983772208344109,1.1268866920394662,1.1164137947811656,0.5590024329721928,0,0.0,0.9592231214046478,1.0013813649291985,1.1268866920394662,1.1164137947811656,0.5590024329721928,0,0.0,0.9592231214046478,0.9199596214944179,1.1295255005584344,1.1149096325047316,0.5590024329721928,0,0.0,0.9592231214046478,0.9395127055912552,1.1295255005584344,1.1149096325047316,0.5590024329721928,0,0
0.0,0.0,0.9710706397891045,0.9953820891719077,1.1268866920394662,1.1164137947811656,0.07404169254004955,0,0.0,0.9710706397891045,0.9983772208344109,1.1268866920394662,1.1164137947811656,0.07404169254004955,0,0.0,0.9710706397891045,1.0013813649291985,1.1268866920394662,1.1164137947811656,0.07404169254004955,0,0.0,0.9710706397891045,0.9953820891719077,1.1268866920394662,1.1164137947811656,0.07404169254004955,0,0.0,0.9710706397891045,0.9953820891719077,1.1268866920394662,1.1164137947811656,0.07404169254004955,0,0
0.0,0.0,0.9710706397891045,0.992395942904392,1.1268866920394662,1.1164137947811656,0.07404169254004955,0,0.0,0.9710706397891045,0.9983772208344109,1.1268866920394662,1.1164137947811656,0.07404169254004955,0,0.0,0.9710706397891045,1.0013813649291985,1.1268866920394662,1.1164137947811656,0.07404169254004955,0,0.0,0.9710706397891045,0.9953820891719077,1.1268866920394662,1.1164137947811656,0.07404169254004955,0,0.0,0.9710706397891045,0.9953820891719077,1.1268866920394662,1.1164137947811656,0.07404169254004955,0,0
0.0,0.0,0.9710706397891045,0.9894187550756789,1.1268866920394662,1.1164137947811656,0.07404169254004955,0,0.0,0.9710706397891045,0.9894187550756789,1.1268866920394662,1.1164137947811656,0.07404169254004955,0,0.0,0.9710706397891045,1.0013813649291985,1.1268866920394662,1.1164137947811656,0.07404169254004955,0,0.0,0.9710706397891045,0.9953820891719077,1.1268866920394662,1.1164137947811656,0.07404169254004955,0,0.0,0.9710706397891045,0.9953820891719077,1.1268866920394662,1.1164137947811656,0.07404169254004955,0,0
0.0,0.0,0.9710706397891045,0.9864504988104519,1.1268866920394662,1.1164137947811656,0.07404169254004955,0,0.0,0.9710706397891045,0.9894187550756789,1.1268866920394662,1.1164137947811656,0.07404169254004955,0,0.0,0.9710706397891045,0.9864504988104519,1.1268866920394662,1.1164137947811656,0.07404169254004955,0,0.0,0.9710706397891045,0.9953820891719077,1.1268866920394662,1.1164137947811656,0.07404169254004955,0,0.0,0.9710706397891045,0.9953820891719077,1.1268866920394662,1.1164137947811656,0.07404169254004955,0,0
0.0,0.0,0.9710706397891045,0.9834911473140205,1.1268866920394662,1.1164137947811656,0.07404169254004955,0,0.0,0.9710706397891045,0.9894187550756789,1.1268866920394662,1.1164137947811656,0.07404169254004955,0,0.0,0.9710706397891045,0.9864504988104519,1.1268866920394662,1.1164137947811656,0.07404169254004955,0,0.0,0.9710706397891045,0.9953820891719077,1.1268866920394662,1.1164137947811656,0.07404169254004955,0,0.0,0.9710706397891045,0.9953820891719077,1.1268866920394662,1.1164137947811656,0.07404169254004955,0,0
0.0,0.0,0.9710706397891045,0.9805406738720784,1.1268866920394662,1.1164137947811656,0.07404169254004955,0,0.0,0.9710706397891045,0.9805406738720784,1.1268866920394662,1.1164137947811656,0.07404169254004955,0,0.0,0.9710706397891045,0.9864504988104519,1.1268866920394662,1.1164137947811656,0.07404169254004955,0,0.0,0.9710706397891045,0.9953820891719077,1.1268866920394662,1.1164137947811656,0.07404169254004955,0,0.0,0.9710706397891045,0.9953820891719077,1.1268866920394662,1.1164137947811656,0.07404169254004955,0,0
0.0,0.0,0.9710706397891045,0.9775990518504623,1.1268866920394662,1.1164137947811656,0.07404169254004955,0,0.0,0.9710706397891045,0.9805406738720784,1.1268866920394662,1.1164137947811656,0.07404169254004955,0,0.0,0.9710706397891045,0.9864504988104519,1.1268866920394662,1.1164137947811656,0.07404169254004955,0,0.0,0.9710706397891045,0.9953820891719077,1.1268866920394662,1.1164137947811656,0.07404169254004955,0,0.0,0.9710706397891045,0.9953820891719077,1.1268866920394662,1.1164137947811656,0.07404169254004955,0,0
0.0,0.0,0.9710706397891045,0.9746662546949109,1.1268866920394662,1.1164137947811656,0.07404169254004955,0,0.0,0.9710706397891045,0.9805406738720784,1.1268866920394662,1.1164137947811656,0.07404169254004955,0,0.0,0.9710706397891045,0.9864504988104519,1.1268866920394662,1.1164137947811656,0.07404169254004955,0,0.0,0.9710706397891045,0.9746662546949109,1.1268866920394662,1.1164137947811656,0.07404169254004955,0,0.0,0.9710706397891045,0.9953820891719077,1.1268866920394662,1.1164137947811656,0.07404169254004955,0,0
0.0,0.0,0.9710706397891045,0.9717422559308261,1.1268866920394662,1.1164137947811656,0.07404169254004955,0,0.0,0.9710706397891045,0.9717422559308261,1.1268866920394662,1.1164137947811656,0.07404169254004955,0,0.0,0.9710706397891045,0.9717422559308261,1.1268866920394662,1.1164137947811656,0.07404169254004955,0,0.0,0.9710706397891045,0.9746662546949109,1.1268866920394662,1.1164137947811656,0.07404169254004955,0,0.0,0.9710706397891045,0.9953820891719077,1.1268866920394662,1.1164137947811656,0.07404169254004955,0,0
0.0,0.0,0.9710706397891045,0.9688270291630336,1.1268866920394662,1.1164137947811656,0.07404169254004955,0,0.0,0.9710706397891045,0.9717422559308261,1.1268866920394662,1.1164137947811656,0.07404169254004955,0,0.0,0.9710706397891045,0.9717422559308261,1.1268866920394662,1.1164137947811656,0.07404169254004955,0,0.0,0.9710706397891045,0.9746662546949109,1.1268866920394662,1.1164137947811656,0.07404169254004955,0,0.0,0.9710706397891045,0.9953820891719077,1.1268866920394662,1.1164137947811656,0.07404169254004955,0,0
0.0,0.0,0.9710706397891045,0.9659205480755445,1.1268866920394662,1.1164137947811656,0.07404169254004955,0,0.0,0.9710706397891045,0.9717422559308261,1.1268866920394662,1.1164137947811656,0.07404169254004955,0,0.0,0.9710706397891045,0.9717422559308261,1.1268866920394662,1.1164137947811656,0.07404169254004955,0,0.0,0.9710706397891045,0.9746662546949109,1.1268866920394662,1.1164137947811656,0.07404169254004955,0,0.0,0.9710706397891045,0.9953820891719077,1.1268866920394662,1.1164137947811656,0.07404169254004955,0,0
0.0,0.0,0.9710706397891045,0.9630227864313179,1.1268866920394662,1.1164137947811656,0.07404169254004955,0,0.0,0.9710706397891045,0.9630227864313179,1.1268866920394662,1.1164137947811656,0.07404169254004955,0,0.0,0.9710706397891045,0.9717422559308261,1.1268866920394662,1.1164137947811656,0.07404169254004955,0,0.0,0.9710706397891045,0.9746662546949109,1.1268866920394662,1.1164137947811656,0.07404169254004955,0,0.0,0.9710706397891045,0.9953820891719077,1.1268866920394662,1.1164137947811656,0.07404169254004955,0,0
0.0,0.0,0.9710706397891045,0.960133718072024,1.1268866920394662,1.1164137947811656,0.07404169254004955,0,0.0,0.9710706397891045,0.9630227864313179,1.1268866920394662,1.1164137947811656,0.07404169254004955,0,0.0,0.9710706397891045,0.9717422559308261,1.1268866920394662,1.1164137947811656,0.07404169254004955,0,0.0,0.9710706397891045,0.9746662546949109,1.1268866920394662,1.1164137947811656,0.07404169254004955,0,0.0,0.9710706397891045,0.9953820891719077,1.1268866920394662,1.1164137947811656,0.07404169254004955,0,0
0.0,0.0,0.9710706397891045,0.9572533169178079,1.1268866920394662,1.1164137947811656,0.07404169254004955,0,0.0,0.9710706397891045,0.9630227864313179,1.1268866920394662,1.1164137947811656,0.07404169254004955,0,0.0,0.9710706397891045,0.9572533169178079,1.1268866920394662,1.1164137947811656,0.07404169254004955,0,0.0,0.9710706397891045,0.9746662546949109,1.1268866920394662,1.1164137947811656,0.07404169254004955,0,0.0,0.9710706397891045,0.9953820891719077,1.1268866920394662,1.1164137947811656,0.07404169254004955,0,0
0.0,0.0,0.9646075218915939,0.9543815569670545,1.1268866920394662,1.1164137947811656,0.5775972828269005,0,0.0,0.9646075218915939,0.9543815569670545,1.1268866920394662,1.1164137947811656,0.5775972828269005,0,0.0,0.9646075218915939,0.9572533169178079,1.1268866920394662,1.1164137947811656,0.5775972828269005,0,0.0,0.9646075218915939,0.9543815569670545,1.1268866920394662,1.1164137947811656,0.5775972828269005,0,0.0,0.9646075218915939,0.9543815569670545,1.1268866920394662,1.1164137947811656,0.5775972828269005,0,0
0.0,0.0,0.9646075218915939,0.9515184122961533,1.1268866920394662,1.1164137947811656,0.5775972828269005,0,0.0,0.9646075218915939,0.9543815569670545,1.1268866920394662,1.1164137947811656,0.5775972828269005,0,0.0,0.9646075218915939,0.9572533169178079,1.1268866920394662,1.1164137947811656,0.5775972828269005,0,0.0,0.9646075218915939,0.9543815569670545,1.1268866920394662,1.1164137947811656,0.5775972828269005,0,0.0,0.9646075218915939,0.9543815569670545,1.1268866920394662,1.1164137947811656,0.5775972828269005,0,0
0.0,0.0,0.9646075218915939,0.9486638570592648,1.1268866920394662,1.1164137947811656,0.5775972828269005,0,0.0,0.9646075218915939,0.9543815569670545,1.1268866920394662,1.1164137947811656,0.5775972828269005,0,0.0,0.9646075218915939,0.9572533169178079,1.1268866920394662,1.1164137947811656,0.5775972828269005,0,0.0,0.9646075218915939,0.9543815569670545,1.1268866920394662,1.1164137947811656,0.5775972828269005,0,0.0,0.9646075218915939,0.9543815569670545,1.1268866920394662,1.1164137947811656,0.5775972828269005,0,0
0.0,0.0,0.9646075218915939,0.945817865488087,1.1268866920394662,1.1164137947811656,0.5775972828269005,0,0.0,0.9646075218915939,0.945817865488087,1.1268866920394662,1.1164137947811656,0.5775972828269005,0,0.0,0.9646075218915939,0.9572533169178079,1.1268866920394662,1.1164137947811656,0.5775972828269005,0,0.0,0.9646075218915939,0.9543815569670545,1.1268866920394662,1.1164137947811656,0.5775972828269005,0,0.0,0.9646075218915939,0.9543815569670545,1.1268866920394662,1.1164137947811656,0.5775972828269005,0,0
0.0,4.749948024749756,0.9646075218915939,0.9429804118916227,1.1268866920394662,1.1164137947811656,0.5775972828269005,0,4.749948024749756,0.9646075218915939,0.945817865488087,1.1268866920394662,1.1164137947811656,0.5775972828269005,0,4.749948024749756,0.9646075218915939,0.9429804118916227,1.1268866920394662,1.1164137947811656,0.5775972828269005,0,4.749948024749756,0.9646075218915939,0.9543815569670545,1.1268866920394662,1.1164137947811656,0.5775972828269005,0,4.749948024749756,0.9646075218915939,0.9543815569670545,1.1268866920394662,1.1164137947811656,0.5775972828269005,0,0
0.0,4.83709716796875,0.9646075218915939,0.9401514706559478,1.1268866920394662,1.1164137947811656,0.5775972828269005,24,2.307274580001831,0.9646075218915939,0.945817865488087,1.1268866920394662,1.1164137947811656,0.5775972828269005,24,2.307274580001831,0.9646075218915939,0.9429804118916227,1.1268866920394662,1.1164137947811656,0.5775972828269005,24,2.307274580001831,0.9646075218915939,0.9543815569670545,1.1268866920394662,1.1164137947811656,0.5775972828269005,24,2.307274580001831,0.9646075218915939,0.9543815569670545,1.1268866920394662,1.1164137947811656,0.5775972828269005,24,0
0.0,0.0,0.9646075218915939,0.93733101624398,1.1268866920394662,1.1164137947811656,0.5775972828269005,0,0.0,0.9646075218915939,0.93733101624398,1.1268866920394662,1.1164137947811656,0.5775972828269005,0,0.0,0.9646075218915939,0.9429804118916227,1.1268866920394662,1.1164137947811656,0.5775972828269005,0,0.0,0.9646075218915939,0.9543815569670545,1.1268866920394662,1.1164137947811656,0.5775972828269005,0,0.0,0.9646075218915939,0.9543815569670545,1.1268866920394662,1.1164137947811656,0.5775972828269005,0,0
0.0,0.0,0.9646075218915939,0.934519023195248,1.1268866920394662,1.1164137947811656,0.5775972828269005,0,0.0,0.9646075218915939,0.93733101624398,1.1268866920394662,1.1164137947811656,0.5775972828269005,0,0.0,0.9646075218915939,0.9429804118916227,1.1268866920394662,1.1164137947811656,0.5775972828269005,0,0.0,0.9646075218915939,0.934519023195248,1.1268866920394662,1.1164137947811656,0.5775972828269005,0,0.0,0.9646075218915939,0.9543815569670545,1.1268866920394662,1.1164137947811656,0.5775972828269005,0,0
0.0,0.0,0.9646075218915939,0.9317154661256623,1.1268866920394662,1.1164137947811656,0.5775972828269005,0,0.0,0.9646075218915939,0.93733101624398,1.1268866920394662,1.1164137947811656,0.5775972828269005,0,0.0,0.9646075218915939,0.9429804118916227,1.1268866920394662,1.1164137947811656,0.5775972828269005,0,0.0,0.9646075218915939,0.934519023195248,1.1268866920394662,1.1164137947811656,0.5775972828269005,0,0.0,0.9646075218915939,0.9543815569670545,1.1268866920394662,1.1164137947811656,0.5775972828269005,0,0
0.0,0.0,0.9646075218915939,0.9289203197272853,1.1268866920394662,1.1164137947811656,0.5775972828269005,0,0.0,0.9646075218915939,0.9289203197272853,1.1268866920394662,1.1164137947811656,0.5775972828269005,0,0.0,0.9646075218915939,0.9289203197272853,1.1268866920394662,1.1164137947811656,0.5775972828269005,0,0.0,0.9646075218915939,0.934519023195248,1.1268866920394662,1.1164137947811656,0.5775972828269005,0,0.0,0.9646075218915939,0.9543815569670545,1.1268866920394662,1.1164137947811656,0.5775972828269005,0,0
24.0,0.0,0.9646075218915939,0.9261335587681034,1.1268866920394662,1.1164137947811656,0.5775972828269005,0,0.0,0.9646075218915939,0.9289203197272853,1.1268866920394662,1.1164137947811656,0.5775972828269005,0,0.0,0.9646075218915939,0.9289203197272853,1.1268866920394662,1.1164137947811656,0.5775972828269005,0,0.0,0.9646075218915939,0.934519023195248,1.1268866920394662,1.1164137947811656,0.5775972828269005,0,0.0,0.9646075218915939,0.9543815569670545,1.1268866920394662,1.1164137947811656,0.5775972828269005,0,0
0.0,0.0,0.9646075218915939,0.9953551580917992,1.1183916307757258,1.1072760870725866,0.5775972828269005,0,0.0,0.9646075218915939,0.9289203197272853,1.1268866920394662,1.1164137947811656,0.5775972828269005,0,0.0,0.9646075218915939,0.9289203197272853,1.1268866920394662,1.1164137947811656,0.5775972828269005,0,0.0,0.9646075218915939,0.934519023195248,1.1268866920394662,1.1164137947811656,0.5775972828269005,0,0.0,0.9646075218915939,0.9543815569670545,1.1268866920394662,1.1164137947811656,0.5775972828269005,0,0
0.0,0.0,0.9646075218915939,0.9923690926175238,1.1183916307757258,1.1072760870725866,0.5775972828269005,0,0.0,0.9646075218915939,0.9923690926175238,1.1183916307757258,1.1072760870725866,0.5775972828269005,0,5.092127323150635,0.9646075218915939,0.9289203197272853,1.1268866920394662,1.1164137947811656,0.5775972828269005,0,5.092127323150635,0.9646075218915939,0.934519023195248,1.1268866920394662,1.1164137947811656,0.5775972828269005,0,0.0,0.9646075218915939,0.9543815569670545,1.1268866920394662,1.1164137947811656,0.5775972828269005,0,0
0.0,0.0,0.9646075218915939,0.9893919853396712,1.1183916307757258,1.1072760870725866,0.5775972828269005,0,0.0,0.9646075218915939,0.9923690926175238,1.1183916307757258,1.1072760870725866,0.5775972828269005,0,2.3179426193237305,0.9646075218915939,0.9289203197272853,1.1268866920394662,1.1164137947811656,0.5775972828269005,0,2.3179426193237305,0.9646075218915939,0.934519023195248,1.1268866920394662,1.1164137947811656,0.5775972828269005,0,0.0,0.9646075218915939,0.9543815569670545,1.1268866920394662,1.1164137947811656,0.5775972828269005,0,0
0.0,0.0,0.962502121925354,0.9864238093836522,1.1183916307757258,1.1072760870725866,0.18449328280985355,0,0.0,0.962502121925354,0.9923690926175238,1.1183916307757258,1.1072760870725866,0.18449328280985355,0,0.0,0.962502121925354,0.9864238093836522,1.1183916307757258,1.1072760870725866,0.18449328280985355,0,0.0,0.962502121925354,0.9864238093836522,1.1183916307757258,1.1072760870725866,0.18449328280985355,0,0.0,0.962502121925354,0.9864238093836522,1.1183916307757258,1.1072760870725866,0.18449328280985355,0,0
0.0,0.0,0.962502121925354,0.9834645379555012,1.1183916307757258,1.1072760870725866,0.18449328280985355,0,0.0,0.962502121925354,0.9834645379555012,1.1183916307757258,1.1072760870725866,0.18449328280985355,0,0.0,0.962502121925354,0.9864238093836522,1.1183916307757258,1.1072760870725866,0.18449328280985355,0,0.0,0.962502121925354,0.9864238093836522,1.1183916307757258,1.1072760870725866,0.18449328280985355,0,0.0,0.962502121925354,0.9864238093836522,1.1183916307757258,1.1072760870725866,0.18449328280985355,0,0
0.0,0.0,0.962502121925354,0.9805141443416346,1.1183916307757258,1.1072760870725866,0.18449328280985355,0,0.0,0.962502121925354,0.9834645379555012,1.1183916307757258,1.1072760870725866,0.18449328280985355,0,0.0,0.962502121925354,0.9864238093836522,1.1183916307757258,1.1072760870725866,0.18449328280985355,0,0.0,0.962502121925354,0.9864238093836522,1.1183916307757258,1.1072760870725866,0.18449328280985355,0,0.0,0.962502121925354,0.9864238093836522,1.1183916307757258,1.1072760870725866,0.18449328280985355,0,0
0.0,0.0,0.962502121925354,0.9775726019086097,1.1183916307757258,1.1072760870725866,0.18449328280985355,0,0.0,0.962502121925354,0.9834645379555012,1.1183916307757258,1.1072760870725866,0.18449328280985355,0,0.0,0.962502121925354,0.9864238093836522,1.1183916307757258,1.1072760870725866,0.18449328280985355,0,0.0,0.962502121925354,0.9864238093836522,1.1183916307757258,1.1072760870725866,0.18449328280985355,0,0.0,0.962502121925354,0.9864238093836522,1.1183916307757258,1.1072760870725866,0.18449328280985355,0,0
0.0,0.0,0.962502121925354,0.9746398841028839,1.1183916307757258,1.1072760870725866,0.18449328280985355,0,0.0,0.962502121925354,0.9746398841028839,1.1183916307757258,1.1072760870725866,0.18449328280985355,0,0.0,0.962502121925354,0.9864238093836522,1.1183916307757258,1.1072760870725866,0.18449328280985355,0,0.0,0.962502121925354,0.9864238093836522,1.1183916307757258,1.1072760870725866,0.18449328280985355,0,0.0,0.962502121925354,0.9864238093836522,1.1183916307757258,1.1072760870725866,0.18449328280985355,0,0
0.0,0.0,0.962502121925354,0.9717159644505753,1.1183916307757258,1.1072760870725866,0.18449328280985355,0,0.0,0.962502121925354,0.9746398841028839,1.1183916307757258,1.1072760870725866,0.18449328280985355,0,0.0,0.962502121925354,0.9717159644505753,1.1183916307757258,1.1072760870725866,0.18449328280985355,0,0.0,0.962502121925354,0.9864238093836522,1.1183916307757258,1.1072760870725866,0.18449328280985355,0,0.0,0.962502121925354,0.9864238093836522,1.1183916307757258,1.1072760870725866,0.18449328280985355,0,0
0.0,0.0,0.962502121925354,0.9688008165572236,1.1183916307757258,1.1072760870725866,0.18449328280985355,0,0.0,0.962502121925354,0.9746398841028839,1.1183916307757258,1.1072760870725866,0.18449328280985355,0,0.0,0.962502121925354,0.9717159644505753,1.1183916307757258,1.1072760870725866,0.18449328280985355,0,0.0,0.962502121925354,0.9864238093836522,1.1183916307757258,1.1072760870725866,0.18449328280985355,0,0.0,0.962502121925354,0.9864238093836522,1.1183916307757258,1.1072760870725866,0.18449328280985355,0,0
0.0,0.0,0.962502121925354,0.965894414107552,1.1183916307757258,1.1072760870725866,0.18449328280985355,0,0.0,0.962502121925354,0.965894414107552,1.1183916307757258,1.1072760870725866,0.18449328280985355,0,0.0,0.962502121925354,0.9717159644505753,1.1183916307757258,1.1072760870725866,0.18449328280985355,0,0.0,0.962502121925354,0.965894414107552,1.1183916307757258,1.1072760870725866,0.18449328280985355,0,0.0,0.962502121925354,0.9864238093836522,1.1183916307757258,1.1072760870725866,0.18449328280985355,0,0
0.0,0.0,0.962502121925354,0.9629967308652293,1.1183916307757258,1.1072760870725866,0.18449328280985355,0,0.0,0.962502121925354,0.965894414107552,1.1183916307757258,1.1072760870725866,0.18449328280985355,0,0.0,0.962502121925354,0.9717159644505753,1.1183916307757258,1.1072760870725866,0.18449328280985355,0,0.0,0.962502121925354,0.965894414107552,1.1183916307757258,1.1072760870725866,0.18449328280985355,0,0.0,0.962502121925354,0.9864238093836522,1.1183916307757258,1.1072760870725866,0.18449328280985355,0,0
0.0,0.0,0.962502121925354,0.9601077406726336,1.1183916307757258,1.1072760870725866,0.18449328280985355,0,0.0,0.962502121925354,0.965894414107552,1.1183916307757258,1.1072760870725866,0.18449328280985355,0,0.0,0.962502121925354,0.9717159644505753,1.1183916307757258,1.1072760870725866,0.18449328280985355,0,0.0,0.962502121925354,0.965894414107552,1.1183916307757258,1.1072760870725866,0.18449328280985355,0,0.0,0.962502121925354,0.9864238093836522,1.1183916307757258,1.1072760870725866,0.18449328280985355,0,0
0.0,0.0,0.962502121925354,0.9572274174506157,1.1183916307757258,1.1072760870725866,0.18449328280985355,0,0.0,0.962502121925354,0.9572274174506157,1.1183916307757258,1.1072760870725866,0.18449328280985355,0,0.0,0.962502121925354,0.9572274174506157,1.1183916307757258,1.1072760870725866,0.18449328280985355,0,0.0,0.962502121925354,0.965894414107552,1.1183916307757258,1.1072760870725866,0.18449328280985355,0,0.0,0.962502121925354,0.9864238093836522,1.1183916307757258,1.1072760870725866,0.18449328280985355,0,0
0.0,0.0,0.962502121925354,0.9543557351982638,1.1183916307757258,1.1072760870725866,0.18449328280985355,0,0.0,0.962502121925354,0.9572274174506157,1.1183916307757258,1.1072760870725866,0.18449328280985355,0,0.0,0.962502121925354,0.9572274174506157,1.1183916307757258,1.1072760870725866,0.18449328280985355,0,0.0,0.962502121925354,0.965894414107552,1.1183916307757258,1.1072760870725866,0.18449328280985355,0,0.0,0.962502121925354,0.9864238093836522,1.1183916307757258,1.1072760870725866,0.18449328280985355,0,0
0.0,0.0,0.962502121925354,0.951492667992669,1.1183916307757258,1.1072760870725866,0.18449328280985355,0,0.0,0.962502121925354,0.9572274174506157,1.1183916307757258,1.1072760870725866,0.18449328280985355,0,0.0,0.962502121925354,0.9572274174506157,1.1183916307757258,1.1072760870725866,0.18449328280985355,0,0.0,0.962502121925354,0.965894414107552,1.1183916307757258,1.1072760870725866,0.18449328280985355,0,0.0,0.962502121925354,0.9864238093836522,1.1183916307757258,1.1072760870725866,0.18449328280985355,0,0
0.0,0.0,0.962502121925354,0.948638189988691,1.1183916307757258,1.1072760870725866,0.18449328280985355,0,0.0,0.962502121925354,0.948638189988691,1.1183916307757258,1.1072760870725866,0.18449328280985355,0,0.0,0.962502121925354,0.9572274174506157,1.1183916307757258,1.1072760870725866,0.18449328280985355,0,0.0,0.962502121925354,0.965894414107552,1.1183916307757258,1.1072760870725866,0.18449328280985355,0,0.0,0.962502121925354,0.9864238093836522,1.1183916307757258,1.1072760870725866,0.18449328280985355,0,0
0.0,0.0,0.9648917019367218,0.9457922754187249,1.1183916307757258,1.1072760870725866,0.7228109389543533,0,0.0,0.9648917019367218,0.948638189988691,1.1183916307757258,1.1072760870725866,0.7228109389543533,0,0.0,0.9648917019367218,0.9572274174506157,1.1183916307757258,1.1072760870725866,0.7228109389543533,0,0.0,0.9648917019367218,0.9457922754187249,1.1183916307757258,1.1072760870725866,0.7228109389543533,0,0.0,0.9648917019367218,0.9457922754187249,1.1183916307757258,1.1072760870725866,0.7228109389543533,0,0
0.0,0.0,0.9648917019367218,0.9429548985924687,1.1183916307757258,1.1072760870725866,0.7228109389543533,0,0.0,0.9648917019367218,0.948638189988691,1.1183916307757258,1.1072760870725866,0.7228109389543533,0,0.0,0.9648917019367218,0.9429548985924687,1.1183916307757258,1.1072760870725866,0.7228109389543533,0,0.0,0.9648917019367218,0.9457922754187249,1.1183916307757258,1.1072760870725866,0.7228109389543533,0,0.0,0.9648917019367218,0.9457922754187249,1.1183916307757258,1.1072760870725866,0.7228109389543533,0,0
0.0,0.0,0.9648917019367218,0.9401260338966914,1.1183916307757258,1.1072760870725866,0.7228109389543533,0,0.0,0.9648917019367218,0.9401260338966914,1.1183916307757258,1.1072760870725866,0.7228109389543533,0,0.0,0.9648917019367218,0.9429548985924687,1.1183916307757258,1.1072760870725866,0.7228109389543533,0,0.0,0.9648917019367218,0.9457922754187249,1.1183916307757258,1.1072760870725866,0.7228109389543533,0,0.0,0.9648917019367218,0.9457922754187249,1.1183916307757258,1.1072760870725866,0.7228109389543533,0,0
0.0,0.0,0.9648917019367218,0.9373056557950012,1.1183916307757258,1.1072760870725866,0.7228109389543533,0,0.0,0.9648917019367218,0.9401260338966914,1.1183916307757258,1.1072760870725866,0.7228109389543533,0,0.0,0.9648917019367218,0.9429548985924687,1.1183916307757258,1.1072760870725866,0.7228109389543533,0,0.0,0.9648917019367218,0.9457922754187249,1.1183916307757258,1.1072760870725866,0.7228109389543533,0,0.0,0.9648917019367218,0.9457922754187249,1.1183916307757258,1.1072760870725866,0.7228109389543533,0,0
0.0,4.432574272155762,0.9648917019367218,0.9344937388276162,1.1183916307757258,1.1072760870725866,0.7228109389543533,0,4.432574272155762,0.9648917019367218,0.9401260338966914,1.1183916307757258,1.1072760870725866,0.7228109389543533,0,4.432574272155762,0.9648917019367218,0.9429548985924687,1.1183916307757258,1.1072760870725866,0.7228109389543533,0,4.432574272155762,0.9648917019367218,0.9457922754187249,1.1183916307757258,1.1072760870725866,0.7228109389543533,0,4.432574272155762,0.9648917019367218,0.9457922754187249,1.1183916307757258,1.1072760870725866,0.7228109389543533,0,0
0.0,0.0,0.9648917019367218,0.9316902576111333,1.1183916307757258,1.1072760870725866,0.7228109389543533,0,0.0,0.9648917019367218,0.9316902576111333,1.1183916307757258,1.1072760870725866,0.7228109389543533,0,2.297379732131958,0.9648917019367218,0.9429548985924687,1.1183916307757258,1.1072760870725866,0.7228109389543533,0,2.297379732131958,0.9648917019367218,0.9457922754187249,1.1183916307757258,1.1072760870725866,0.7228109389543533,0,2.297379732131958,0.9648917019367218,0.9457922754187249,1.1183916307757258,1.1072760870725866,0.7228109389543533,0,0
0.0,0.0,0.9648917019367218,0.9288951868383,1.1183916307757258,1.1072760870725866,0.7228109389543533,0,0.0,0.9648917019367218,0.9316902576111333,1.1183916307757258,1.1072760870725866,0.7228109389543533,0,0.0,0.9648917019367218,0.9288951868383,1.1183916307757258,1.1072760870725866,0.7228109389543533,0,0.0,0.9648917019367218,0.9457922754187249,1.1183916307757258,1.1072760870725866,0.7228109389543533,0,0.0,0.9648917019367218,0.9457922754187249,1.1183916307757258,1.1072760870725866,0.7228109389543533,0,0
0.0,0.0,0.9648917019367218,0.9261085012777851,1.1183916307757258,1.1072760870725866,0.7228109389543533,0,0.0,0.9648917019367218,0.9316902576111333,1.1183916307757258,1.1072760870725866,0.7228109389543533,0,0.0,0.9648917019367218,0.9288951868383,1.1183916307757258,1.1072760870725866,0.7228109389543533,0,0.0,0.9648917019367218,0.9261085012777851,1.1183916307757258,1.1072760870725866,0.7228109389543533,0,0.0,0.9648917019367218,0.9457922754187249,1.1183916307757258,1.1072760870725866,0.7228109389543533,0,0
0.0,4.567155361175537,0.9648917019367218,0.9233301757739517,1.1183916307757258,1.1072760870725866,0.7228109389543533,32,4.567155361175537,0.9648917019367218,0.9233301757739517,1.1183916307757258,1.1072760870725866,0.7228109389543533,32,4.567155361175537,0.9648917019367218,0.9288951868383,1.1183916307757258,1.1072760870725866,0.7228109389543533,32,4.567155361175537,0.9648917019367218,0.9261085012777851,1.1183916307757258,1.1072760870725866,0.7228109389543533,32,0.0,0.9648917019367218,0.9457922754187249,1.1183916307757258,1.1072760870725866,0.7228109389543533,32,0
0.0,4.600800514221191,0.9648917019367218,0.9205601852466299,1.1183916307757258,1.1072760870725866,0.7228109389543533,0,2.3015756607055664,0.9648917019367218,0.9233301757739517,1.1183916307757258,1.1072760870725866,0.7228109389543533,0,2.3015756607055664,0.9648917019367218,0.9288951868383,1.1183916307757258,1.1072760870725866,0.7228109389543533,0,2.3015756607055664,0.9648917019367218,0.9261085012777851,1.1183916307757258,1.1072760870725866,0.7228109389543533,0,0.0,0.9648917019367218,0.9457922754187249,1.1183916307757258,1.1072760870725866,0.7228109389543533,0,0
12.0,4.6344475746154785,0.9648917019367218,0.91779850469089,1.1183916307757258,1.1072760870725866,0.7228109389543533,0,0.0,0.9648917019367218,0.9233301757739517,1.1183916307757258,1.1072760870725866,0.7228109389543533,0,0.0,0.9648917019367218,0.9288951868383,1.1183916307757258,1.1072760870725866,0.7228109389543533,0,0.0,0.9648917019367218,0.9261085012777851,1.1183916307757258,1.1072760870725866,0.7228109389543533,0,0.0,0.9648917019367218,0.9457922754187249,1.1183916307757258,1.1072760870725866,0.7228109389543533,0,0
